current_name,new_name,product_id,folder
"Cropped Cardigan Beige 01.png","womens-cropped-cardigan-beige-01.png",womens-cropped-cardigan-beige,womens
"Cropped Cardigan Beige 02.png","womens-cropped-cardigan-beige-02.png",womens-cropped-cardigan-beige,womens
"Cropped Cardigan Beige 03.png","womens-cropped-cardigan-beige-03.png",womens-cropped-cardigan-beige,womens
"Cropped Cardigan Beige 04.png","womens-cropped-cardigan-beige-04.png",womens-cropped-cardigan-beige,womens
"Cropped Cardigan Black 01.png","womens-cropped-cardigan-black-01.png",womens-cropped-cardigan-black,womens
"Cropped Cardigan Black 02.png","womens-cropped-cardigan-black-02.png",womens-cropped-cardigan-black,womens
"Cropped Cardigan Black 03.png","womens-cropped-cardigan-black-03.png",womens-cropped-cardigan-black,womens
"Cropped Cardigan Black 04.png","womens-cropped-cardigan-black-04.png",womens-cropped-cardigan-black,womens
"Cropped Cardigan Gray 01.png","womens-cropped-cardigan-gray-01.png",womens-cropped-cardigan-gray,womens
"Cropped Cardigan Gray 02.png","womens-cropped-cardigan-gray-02.png",womens-cropped-cardigan-gray,womens
"Cropped Cardigan Gray 03.png","womens-cropped-cardigan-gray-03.png",womens-cropped-cardigan-gray,womens
"Cropped Cardigan Gray 04.png","womens-cropped-cardigan-gray-04.png",womens-cropped-cardigan-gray,womens
"High-Waisted Jeans Black 01.png","womens-high-waisted-jeans-black-01.png",womens-high-waisted-jeans-black,womens
"High-Waisted Jeans Black 02.png","womens-high-waisted-jeans-black-02.png",womens-high-waisted-jeans-black,womens
"High-Waisted Jeans Black 03.png","womens-high-waisted-jeans-black-03.png",womens-high-waisted-jeans-black,womens
"High-Waisted Jeans Black 04.png","womens-high-waisted-jeans-black-04.png",womens-high-waisted-jeans-black,womens
"High-Waisted Jeans Black 05.png","womens-high-waisted-jeans-black-05.png",womens-high-waisted-jeans-black,womens
"High-Waisted Jeans Blue 01.png","womens-high-waisted-jeans-blue-01.png",womens-high-waisted-jeans-blue,womens
"High-Waisted Jeans Blue 02.png","womens-high-waisted-jeans-blue-02.png",womens-high-waisted-jeans-blue,womens
"High-Waisted Jeans Blue 03.png","womens-high-waisted-jeans-blue-03.png",womens-high-waisted-jeans-blue,womens
"High-Waisted Jeans Blue 04.png","womens-high-waisted-jeans-blue-04.png",womens-high-waisted-jeans-blue,womens
"High-Waisted Jeans Blue 05.png","womens-high-waisted-jeans-blue-05.png",womens-high-waisted-jeans-blue,womens
"High-Waisted Jeans White 01.png","womens-high-waisted-jeans-white-01.png",womens-high-waisted-jeans-white,womens
"High-Waisted Jeans White 02.png","womens-high-waisted-jeans-white-02.png",womens-high-waisted-jeans-white,womens
"High-Waisted Jeans White 03.png","womens-high-waisted-jeans-white-03.png",womens-high-waisted-jeans-white,womens
"High-Waisted Jeans White 04.png","womens-high-waisted-jeans-white-04.png",womens-high-waisted-jeans-white,womens
"High-Waisted Jeans White 05.png","womens-high-waisted-jeans-white-05.png",womens-high-waisted-jeans-white,womens
"Knit Midi Skirt Beige 01.png","womens-knit-midi-skirt-beige-01.png",womens-knit-midi-skirt-beige,womens
"Knit Midi Skirt Beige 02.png","womens-knit-midi-skirt-beige-02.png",womens-knit-midi-skirt-beige,womens
"Knit Midi Skirt Beige 03.png","womens-knit-midi-skirt-beige-03.png",womens-knit-midi-skirt-beige,womens
"Knit Midi Skirt Beige 04.png","womens-knit-midi-skirt-beige-04.png",womens-knit-midi-skirt-beige,womens
"Knit Midi Skirt Black 01.png","womens-knit-midi-skirt-black-01.png",womens-knit-midi-skirt-black,womens
"Knit Midi Skirt Black 02.png","womens-knit-midi-skirt-black-02.png",womens-knit-midi-skirt-black,womens
"Knit Midi Skirt Black 03.png","womens-knit-midi-skirt-black-03.png",womens-knit-midi-skirt-black,womens
"Knit Midi Skirt Black 04.png","womens-knit-midi-skirt-black-04.png",womens-knit-midi-skirt-black,womens
"Knit Midi Skirt Navy 01.png","womens-knit-midi-skirt-navy-01.png",womens-knit-midi-skirt-navy,womens
"Knit Midi Skirt Navy 02.png","womens-knit-midi-skirt-navy-02.png",womens-knit-midi-skirt-navy,womens
"Knit Midi Skirt Navy 03.png","womens-knit-midi-skirt-navy-03.png",womens-knit-midi-skirt-navy,womens
"Knit Midi Skirt Navy 04.png","womens-knit-midi-skirt-navy-04.png",womens-knit-midi-skirt-navy,womens
"Leather Ankle Boots Black 01.png","womens-leather-ankle-boots-black-01.png",womens-leather-ankle-boots-black,womens
"Leather Ankle Boots Black 02.png","womens-leather-ankle-boots-black-02.png",womens-leather-ankle-boots-black,womens
"Leather Ankle Boots Black 03.png","womens-leather-ankle-boots-black-03.png",womens-leather-ankle-boots-black,womens
"Leather Ankle Boots Black 04.png","womens-leather-ankle-boots-black-04.png",womens-leather-ankle-boots-black,womens
"Leather Ankle Boots Black 05.png","womens-leather-ankle-boots-black-05.png",womens-leather-ankle-boots-black,womens
"Leather Ankle Boots Black 06.png","womens-leather-ankle-boots-black-06.png",womens-leather-ankle-boots-black,womens
"Leather Ankle Boots Brown 01.png","womens-leather-ankle-boots-brown-01.png",womens-leather-ankle-boots-brown,womens
"Leather Ankle Boots Brown 02.png","womens-leather-ankle-boots-brown-02.png",womens-leather-ankle-boots-brown,womens
"Leather Ankle Boots Brown 03.png","womens-leather-ankle-boots-brown-03.png",womens-leather-ankle-boots-brown,womens
"Leather Ankle Boots Brown 04.png","womens-leather-ankle-boots-brown-04.png",womens-leather-ankle-boots-brown,womens
"Leather Ankle Boots Brown 05.png","womens-leather-ankle-boots-brown-05.png",womens-leather-ankle-boots-brown,womens
"Leather Ankle Boots Tan 01.png","womens-leather-ankle-boots-tan-01.png",womens-leather-ankle-boots-tan,womens
"Leather Ankle Boots Tan 02.png","womens-leather-ankle-boots-tan-02.png",womens-leather-ankle-boots-tan,womens
"Leather Ankle Boots Tan 03.png","womens-leather-ankle-boots-tan-03.png",womens-leather-ankle-boots-tan,womens
"Leather Ankle Boots Tan 04.png","womens-leather-ankle-boots-tan-04.png",womens-leather-ankle-boots-tan,womens
"Leather Crossbody Bag Black 01.png","womens-leather-crossbody-bag-black-01.png",womens-leather-crossbody-bag-black,womens
"Leather Crossbody Bag Black 02.png","womens-leather-crossbody-bag-black-02.png",womens-leather-crossbody-bag-black,womens
"Leather Crossbody Bag Black 03.png","womens-leather-crossbody-bag-black-03.png",womens-leather-crossbody-bag-black,womens
"Leather Crossbody Bag Black 04.png","womens-leather-crossbody-bag-black-04.png",womens-leather-crossbody-bag-black,womens
"Leather Crossbody Bag Brown 01.png","womens-leather-crossbody-bag-brown-01.png",womens-leather-crossbody-bag-brown,womens
"Leather Crossbody Bag Brown 02.png","womens-leather-crossbody-bag-brown-02.png",womens-leather-crossbody-bag-brown,womens
"Leather Crossbody Bag Brown 03.png","womens-leather-crossbody-bag-brown-03.png",womens-leather-crossbody-bag-brown,womens
"Leather Crossbody Bag Brown 04.png","womens-leather-crossbody-bag-brown-04.png",womens-leather-crossbody-bag-brown,womens
"Leather Crossbody Bag Brown 05.png","womens-leather-crossbody-bag-brown-05.png",womens-leather-crossbody-bag-brown,womens
"Leather Crossbody Bag Camel 01.png","womens-leather-crossbody-bag-camel-01.png",womens-leather-crossbody-bag-camel,womens
"Leather Crossbody Bag Camel 02.png","womens-leather-crossbody-bag-camel-02.png",womens-leather-crossbody-bag-camel,womens
"Leather Crossbody Bag Camel 03.png","womens-leather-crossbody-bag-camel-03.png",womens-leather-crossbody-bag-camel,womens
"Leather Crossbody Bag Camel 04.png","womens-leather-crossbody-bag-camel-04.png",womens-leather-crossbody-bag-camel,womens
"Oversized Blazer Beige 01.png","womens-oversized-blazer-beige-01.png",womens-oversized-blazer-beige,womens
"Oversized Blazer Beige 02.png","womens-oversized-blazer-beige-02.png",womens-oversized-blazer-beige,womens
"Oversized Blazer Beige 03.png","womens-oversized-blazer-beige-03.png",womens-oversized-blazer-beige,womens
"Oversized Blazer Beige 04.png","womens-oversized-blazer-beige-04.png",womens-oversized-blazer-beige,womens
"Oversized Blazer Black 01.png","womens-oversized-blazer-black-01.png",womens-oversized-blazer-black,womens
"Oversized Blazer Black 02.png","womens-oversized-blazer-black-02.png",womens-oversized-blazer-black,womens
"Oversized Blazer Black 03.png","womens-oversized-blazer-black-03.png",womens-oversized-blazer-black,womens
"Oversized Blazer Black 04.png","womens-oversized-blazer-black-04.png",womens-oversized-blazer-black,womens
"Oversized Blazer Navy 01.png","womens-oversized-blazer-navy-01.png",womens-oversized-blazer-navy,womens
"Oversized Blazer Navy 02.png","womens-oversized-blazer-navy-02.png",womens-oversized-blazer-navy,womens
"Oversized Blazer Navy 03.png","womens-oversized-blazer-navy-03.png",womens-oversized-blazer-navy,womens
"Oversized Blazer Navy 04.png","womens-oversized-blazer-navy-04.png",womens-oversized-blazer-navy,womens
"Oversized Denim Shirt 01.png","womens-oversized-denim-shirt-01.png",womens-oversized-denim-shirt,womens
"Oversized Denim Shirt 02.png","womens-oversized-denim-shirt-02.png",womens-oversized-denim-shirt,womens
"Oversized Denim Shirt 03.png","womens-oversized-denim-shirt-03.png",womens-oversized-denim-shirt,womens
"Oversized Denim Shirt 04.png","womens-oversized-denim-shirt-04.png",womens-oversized-denim-shirt,womens
"Oversized Denim Shirt 05.png","womens-oversized-denim-shirt-05.png",womens-oversized-denim-shirt,womens
"Oversized Denim Shirt Black 01.png","womens-oversized-denim-shirt-black-01.png",womens-oversized-denim-shirt-black,womens
"Oversized Denim Shirt Black 02.png","womens-oversized-denim-shirt-black-02.png",womens-oversized-denim-shirt-black,womens
"Oversized Denim Shirt Black 03.png","womens-oversized-denim-shirt-black-03.png",womens-oversized-denim-shirt-black,womens
"Oversized Denim Shirt Black 04.png","womens-oversized-denim-shirt-black-04.png",womens-oversized-denim-shirt-black,womens
"Oversized T-Shirt Black 01.png","womens-oversized-t-shirt-black-01.png",womens-oversized-t-shirt-black,womens
"Oversized T-Shirt Black 02.png","womens-oversized-t-shirt-black-02.png",womens-oversized-t-shirt-black,womens
"Oversized T-Shirt Black 03.png","womens-oversized-t-shirt-black-03.png",womens-oversized-t-shirt-black,womens
"Oversized T-Shirt Black 04.png","womens-oversized-t-shirt-black-04.png",womens-oversized-t-shirt-black,womens
"Oversized T-Shirt Gray 01.png","womens-oversized-t-shirt-gray-01.png",womens-oversized-t-shirt-gray,womens
"Oversized T-Shirt Gray 02.png","womens-oversized-t-shirt-gray-02.png",womens-oversized-t-shirt-gray,womens
"Oversized T-Shirt Gray 03.png","womens-oversized-t-shirt-gray-03.png",womens-oversized-t-shirt-gray,womens
"Oversized T-Shirt Gray 04.png","womens-oversized-t-shirt-gray-04.png",womens-oversized-t-shirt-gray,womens
"Oversized T-Shirt White 01.png","womens-oversized-t-shirt-white-01.png",womens-oversized-t-shirt-white,womens
"Oversized T-Shirt White 02.png","womens-oversized-t-shirt-white-02.png",womens-oversized-t-shirt-white,womens
"Oversized T-Shirt White 03.png","womens-oversized-t-shirt-white-03.png",womens-oversized-t-shirt-white,womens
"Oversized T-Shirt White 04.png","womens-oversized-t-shirt-white-04.png",womens-oversized-t-shirt-white,womens
"Pleated Midi Skirt Black 01.png","womens-pleated-midi-skirt-black-01.png",womens-pleated-midi-skirt-black,womens
"Pleated Midi Skirt Black 02.png","womens-pleated-midi-skirt-black-02.png",womens-pleated-midi-skirt-black,womens
"Pleated Midi Skirt Black 03.png","womens-pleated-midi-skirt-black-03.png",womens-pleated-midi-skirt-black,womens
"Pleated Midi Skirt Black 04.png","womens-pleated-midi-skirt-black-04.png",womens-pleated-midi-skirt-black,womens
"Pleated Midi Skirt Navy 01.png","womens-pleated-midi-skirt-navy-01.png",womens-pleated-midi-skirt-navy,womens
"Pleated Midi Skirt Navy 02.png","womens-pleated-midi-skirt-navy-02.png",womens-pleated-midi-skirt-navy,womens
"Pleated Midi Skirt Navy 03.png","womens-pleated-midi-skirt-navy-03.png",womens-pleated-midi-skirt-navy,womens
"Pleated Midi Skirt Navy 04.png","womens-pleated-midi-skirt-navy-04.png",womens-pleated-midi-skirt-navy,womens
"Ribbed Tank Beige Top 01.png","womens-ribbed-tank-beige-top-01.png",womens-ribbed-tank-beige-top,womens
"Ribbed Tank Beige Top 02.png","womens-ribbed-tank-beige-top-02.png",womens-ribbed-tank-beige-top,womens
"Ribbed Tank Beige Top 03.png","womens-ribbed-tank-beige-top-03.png",womens-ribbed-tank-beige-top,womens
"Ribbed Tank Beige Top 04.png","womens-ribbed-tank-beige-top-04.png",womens-ribbed-tank-beige-top,womens
"Ribbed Tank Black Top 01.png","womens-ribbed-tank-black-top-01.png",womens-ribbed-tank-black-top,womens
"Ribbed Tank Black Top 02.png","womens-ribbed-tank-black-top-02.png",womens-ribbed-tank-black-top,womens
"Ribbed Tank Black Top 03.png","womens-ribbed-tank-black-top-03.png",womens-ribbed-tank-black-top,womens
"Ribbed Tank Black Top 04.png","womens-ribbed-tank-black-top-04.png",womens-ribbed-tank-black-top,womens
"Ribbed Tank White Top 01.png","womens-ribbed-tank-white-top-01.png",womens-ribbed-tank-white-top,womens
"Ribbed Tank White Top 02.png","womens-ribbed-tank-white-top-02.png",womens-ribbed-tank-white-top,womens
"Ribbed Tank White Top 03.png","womens-ribbed-tank-white-top-03.png",womens-ribbed-tank-white-top,womens
"Ribbed Tank White Top 04.png","womens-ribbed-tank-white-top-04.png",womens-ribbed-tank-white-top,womens
"Satin Slip Dress Black 01.png","womens-satin-slip-dress-black-01.png",womens-satin-slip-dress-black,womens
"Satin Slip Dress Black 02.png","womens-satin-slip-dress-black-02.png",womens-satin-slip-dress-black,womens
"Satin Slip Dress Black 03.png","womens-satin-slip-dress-black-03.png",womens-satin-slip-dress-black,womens
"Satin Slip Dress Black 04.png","womens-satin-slip-dress-black-04.png",womens-satin-slip-dress-black,womens
"Satin Slip Dress Ivory 01.png","womens-satin-slip-dress-ivory-01.png",womens-satin-slip-dress-ivory,womens
"Satin Slip Dress Ivory 02.png","womens-satin-slip-dress-ivory-02.png",womens-satin-slip-dress-ivory,womens
"Satin Slip Dress Ivory 03.png","womens-satin-slip-dress-ivory-03.png",womens-satin-slip-dress-ivory,womens
"Satin Slip Dress Ivory 04.png","womens-satin-slip-dress-ivory-04.png",womens-satin-slip-dress-ivory,womens
"Silk Blouse Black 01.png","womens-silk-blouse-black-01.png",womens-silk-blouse-black,womens
"Silk Blouse Black 02.png","womens-silk-blouse-black-02.png",womens-silk-blouse-black,womens
"Silk Blouse Black 03.png","womens-silk-blouse-black-03.png",womens-silk-blouse-black,womens
"Silk Blouse Black 04.png","womens-silk-blouse-black-04.png",womens-silk-blouse-black,womens
"Silk Blouse Navy 01.png","womens-silk-blouse-navy-01.png",womens-silk-blouse-navy,womens
"Silk Blouse Navy 02.png","womens-silk-blouse-navy-02.png",womens-silk-blouse-navy,womens
"Silk Blouse Navy 03.png","womens-silk-blouse-navy-03.png",womens-silk-blouse-navy,womens
"Silk Blouse Navy 04.png","womens-silk-blouse-navy-04.png",womens-silk-blouse-navy,womens
"Silk Blouse Navy 05.png","womens-silk-blouse-navy-05.png",womens-silk-blouse-navy,womens
"Silk Blouse White 01.png","womens-silk-blouse-white-01.png",womens-silk-blouse-white,womens
"Silk Blouse White 02.png","womens-silk-blouse-white-02.png",womens-silk-blouse-white,womens
"Silk Blouse White 03.png","womens-silk-blouse-white-03.png",womens-silk-blouse-white,womens
"Silk Blouse White 04.png","womens-silk-blouse-white-04.png",womens-silk-blouse-white,womens
"Silk Midi Dress Black 01.png","womens-silk-midi-dress-black-01.png",womens-silk-midi-dress-black,womens
"Silk Midi Dress Black 02.png","womens-silk-midi-dress-black-02.png",womens-silk-midi-dress-black,womens
"Silk Midi Dress Black 03.png","womens-silk-midi-dress-black-03.png",womens-silk-midi-dress-black,womens
"Silk Midi Dress Black 04.png","womens-silk-midi-dress-black-04.png",womens-silk-midi-dress-black,womens
"Silk Midi Dress Navy 01.png","womens-silk-midi-dress-navy-01.png",womens-silk-midi-dress-navy,womens
"Silk Midi Dress Navy 02.png","womens-silk-midi-dress-navy-02.png",womens-silk-midi-dress-navy,womens
"Silk Midi Dress Navy 03.png","womens-silk-midi-dress-navy-03.png",womens-silk-midi-dress-navy,womens
"Silk Midi Dress Navy 04.png","womens-silk-midi-dress-navy-04.png",womens-silk-midi-dress-navy,womens
"Silk Midi Dress Pink 01.png","womens-silk-midi-dress-pink-01.png",womens-silk-midi-dress-pink,womens
"Silk Midi Dress Pink 02.png","womens-silk-midi-dress-pink-02.png",womens-silk-midi-dress-pink,womens
"Silk Midi Dress Pink 03.png","womens-silk-midi-dress-pink-03.png",womens-silk-midi-dress-pink,womens
"Silk Midi Dress Pink 04.png","womens-silk-midi-dress-pink-04.png",womens-silk-midi-dress-pink,womens
"Structured Handbag Beige 01.png","womens-structured-handbag-beige-01.png",womens-structured-handbag-beige,womens
"Structured Handbag Beige 02.png","womens-structured-handbag-beige-02.png",womens-structured-handbag-beige,womens
"Structured Handbag Beige 03.png","womens-structured-handbag-beige-03.png",womens-structured-handbag-beige,womens
"Structured Handbag Beige 04.png","womens-structured-handbag-beige-04.png",womens-structured-handbag-beige,womens
"Structured Handbag Black 01.png","womens-structured-handbag-black-01.png",womens-structured-handbag-black,womens
"Structured Handbag Black 02.png","womens-structured-handbag-black-02.png",womens-structured-handbag-black,womens
"Structured Handbag Black 03.png","womens-structured-handbag-black-03.png",womens-structured-handbag-black,womens
"Structured Handbag Black 04.png","womens-structured-handbag-black-04.png",womens-structured-handbag-black,womens
"Structured Handbag Brown 01.png","womens-structured-handbag-brown-01.png",womens-structured-handbag-brown,womens
"Structured Handbag Brown 02.png","womens-structured-handbag-brown-02.png",womens-structured-handbag-brown,womens
"Structured Handbag Brown 03.png","womens-structured-handbag-brown-03.png",womens-structured-handbag-brown,womens
"Structured Handbag Brown 04.png","womens-structured-handbag-brown-04.png",womens-structured-handbag-brown,womens
"Tailored Blazer Black 01.png","womens-tailored-blazer-black-01.png",womens-tailored-blazer-black,womens
"Tailored Blazer Black 02.png","womens-tailored-blazer-black-02.png",womens-tailored-blazer-black,womens
"Tailored Blazer Black 03.png","womens-tailored-blazer-black-03.png",womens-tailored-blazer-black,womens
"Tailored Blazer Black 04.png","womens-tailored-blazer-black-04.png",womens-tailored-blazer-black,womens
"Tailored Blazer Black 05.png","womens-tailored-blazer-black-05.png",womens-tailored-blazer-black,womens
"Tailored Blazer Gray 01.png","womens-tailored-blazer-gray-01.png",womens-tailored-blazer-gray,womens
"Tailored Blazer Gray 02.png","womens-tailored-blazer-gray-02.png",womens-tailored-blazer-gray,womens
"Tailored Blazer Gray 03.png","womens-tailored-blazer-gray-03.png",womens-tailored-blazer-gray,womens
"Tailored Blazer Gray 04.png","womens-tailored-blazer-gray-04.png",womens-tailored-blazer-gray,womens
"Tailored Blazer Navy 01.png","womens-tailored-blazer-navy-01.png",womens-tailored-blazer-navy,womens
"Tailored Blazer Navy 02.png","womens-tailored-blazer-navy-02.png",womens-tailored-blazer-navy,womens
"Tailored Blazer Navy 03.png","womens-tailored-blazer-navy-03.png",womens-tailored-blazer-navy,womens
"Tailored Blazer Navy 04.png","womens-tailored-blazer-navy-04.png",womens-tailored-blazer-navy,womens
"Wide Leg Trousers Black 01.png","womens-wide-leg-trousers-black-01.png",womens-wide-leg-trousers-black,womens
"Wide Leg Trousers Black 02.png","womens-wide-leg-trousers-black-02.png",womens-wide-leg-trousers-black,womens
"Wide Leg Trousers Black 03.png","womens-wide-leg-trousers-black-03.png",womens-wide-leg-trousers-black,womens
"Wide Leg Trousers Black 04.png","womens-wide-leg-trousers-black-04.png",womens-wide-leg-trousers-black,womens
"Wide Leg Trousers Cream 01.png","womens-wide-leg-trousers-cream-01.png",womens-wide-leg-trousers-cream,womens
"Wide Leg Trousers Cream 02.png","womens-wide-leg-trousers-cream-02.png",womens-wide-leg-trousers-cream,womens
"Wide Leg Trousers Cream 03.png","womens-wide-leg-trousers-cream-03.png",womens-wide-leg-trousers-cream,womens
"Wide Leg Trousers Cream 04.png","womens-wide-leg-trousers-cream-04.png",womens-wide-leg-trousers-cream,womens
"Wide Leg Trousers Navy 01.png","womens-wide-leg-trousers-navy-01.png",womens-wide-leg-trousers-navy,womens
"Wide Leg Trousers Navy 02.png","womens-wide-leg-trousers-navy-02.png",womens-wide-leg-trousers-navy,womens
"Wide Leg Trousers Navy 03.png","womens-wide-leg-trousers-navy-03.png",womens-wide-leg-trousers-navy,womens
"Wide Leg Trousers Navy 04.png","womens-wide-leg-trousers-navy-04.png",womens-wide-leg-trousers-navy,womens
"Wool Blend Coat Beige 01.png","womens-wool-blend-coat-beige-01.png",womens-wool-blend-coat-beige,womens
"Wool Blend Coat Beige 02.png","womens-wool-blend-coat-beige-02.png",womens-wool-blend-coat-beige,womens
"Wool Blend Coat Beige 03.png","womens-wool-blend-coat-beige-03.png",womens-wool-blend-coat-beige,womens
"Wool Blend Coat Beige 04.png","womens-wool-blend-coat-beige-04.png",womens-wool-blend-coat-beige,womens
"Wool Blend Coat Black 01.png","womens-wool-blend-coat-black-01.png",womens-wool-blend-coat-black,womens
"Wool Blend Coat Black 02.png","womens-wool-blend-coat-black-02.png",womens-wool-blend-coat-black,womens
"Wool Blend Coat Black 03.png","womens-wool-blend-coat-black-03.png",womens-wool-blend-coat-black,womens
"Wool Blend Coat Black 04.png","womens-wool-blend-coat-black-04.png",womens-wool-blend-coat-black,womens
"Wool Blend Coat Black 05.png","womens-wool-blend-coat-black-05.png",womens-wool-blend-coat-black,womens
"Wool Blend Coat Navy 01.png","womens-wool-blend-coat-navy-01.png",womens-wool-blend-coat-navy,womens
"Wool Blend Coat Navy 02.png","womens-wool-blend-coat-navy-02.png",womens-wool-blend-coat-navy,womens
"Wool Blend Coat Navy 03.png","womens-wool-blend-coat-navy-03.png",womens-wool-blend-coat-navy,womens
"Wool Blend Coat Navy 04.png","womens-wool-blend-coat-navy-04.png",womens-wool-blend-coat-navy,womens
"Wool Blend Coat Navy 05.png","womens-wool-blend-coat-navy-05.png",womens-wool-blend-coat-navy,womens
"Wool Blend Coat Navy 06.png","womens-wool-blend-coat-navy-06.png",womens-wool-blend-coat-navy,womens
"Wool Blend Scarf Beige 01.png","womens-wool-blend-scarf-beige-01.png",womens-wool-blend-scarf-beige,womens
"Wool Blend Scarf Beige 02.png","womens-wool-blend-scarf-beige-02.png",womens-wool-blend-scarf-beige,womens
"Wool Blend Scarf Beige 03.png","womens-wool-blend-scarf-beige-03.png",womens-wool-blend-scarf-beige,womens
"Wool Blend Scarf Beige 04.png","womens-wool-blend-scarf-beige-04.png",womens-wool-blend-scarf-beige,womens
"Wool Blend Scarf Grey 01.png","womens-wool-blend-scarf-gray-01.png",womens-wool-blend-scarf-gray,womens
"Wool Blend Scarf Grey 02.png","womens-wool-blend-scarf-gray-02.png",womens-wool-blend-scarf-gray,womens
"Wool Blend Scarf Grey 03.png","womens-wool-blend-scarf-gray-03.png",womens-wool-blend-scarf-gray,womens
"Wool Blend Scarf Grey 04.png","womens-wool-blend-scarf-gray-04.png",womens-wool-blend-scarf-gray,womens
"Wool Blend Scarf Navy 01.png","womens-wool-blend-scarf-navy-01.png",womens-wool-blend-scarf-navy,womens
"Wool Blend Scarf Navy 02.png","womens-wool-blend-scarf-navy-02.png",womens-wool-blend-scarf-navy,womens
"Wool Blend Scarf Navy 03.png","womens-wool-blend-scarf-navy-03.png",womens-wool-blend-scarf-navy,womens
"Wool Blend Scarf Navy 04.png","womens-wool-blend-scarf-navy-04.png",womens-wool-blend-scarf-navy,womens
"Bomber Jacket Black 01.png","mens-bomber-jacket-black-01.png",mens-bomber-jacket-black,mens
"Bomber Jacket Black 02.png","mens-bomber-jacket-black-02.png",mens-bomber-jacket-black,mens
"Bomber Jacket Black 03.png","mens-bomber-jacket-black-03.png",mens-bomber-jacket-black,mens
"Bomber Jacket Black 04.png","mens-bomber-jacket-black-04.png",mens-bomber-jacket-black,mens
"Bomber Jacket Black 05.png","mens-bomber-jacket-black-05.png",mens-bomber-jacket-black,mens
"Bomber Jacket Green 01.png","mens-bomber-jacket-green-01.png",mens-bomber-jacket-green,mens
"Bomber Jacket Green 02.png","mens-bomber-jacket-green-02.png",mens-bomber-jacket-green,mens
"Bomber Jacket Green 03.png","mens-bomber-jacket-green-03.png",mens-bomber-jacket-green,mens
"Bomber Jacket Navy 01.png","mens-bomber-jacket-navy-01.png",mens-bomber-jacket-navy,mens
"Bomber Jacket Navy 02.png","mens-bomber-jacket-navy-02.png",mens-bomber-jacket-navy,mens
"Bomber Jacket Navy 03.png","mens-bomber-jacket-navy-03.png",mens-bomber-jacket-navy,mens
"Cashmere Scarf Camel 01.png","mens-cashmere-scarf-camel-01.png",mens-cashmere-scarf-camel,mens
"Cashmere Scarf Camel 02.png","mens-cashmere-scarf-camel-02.png",mens-cashmere-scarf-camel,mens
"Cashmere Scarf Camel 03.png","mens-cashmere-scarf-camel-03.png",mens-cashmere-scarf-camel,mens
"Cashmere Scarf Camel 04.png","mens-cashmere-scarf-camel-04.png",mens-cashmere-scarf-camel,mens
"Cashmere Scarf Camel 05.png","mens-cashmere-scarf-camel-05.png",mens-cashmere-scarf-camel,mens
"Cashmere Scarf Camel 06.png","mens-cashmere-scarf-camel-06.png",mens-cashmere-scarf-camel,mens
"Cashmere Scarf Gray 01.png","mens-cashmere-scarf-gray-01.png",mens-cashmere-scarf-gray,mens
"Cashmere Scarf Gray 02.png","mens-cashmere-scarf-gray-02.png",mens-cashmere-scarf-gray,mens
"Cashmere Scarf Gray 03.png","mens-cashmere-scarf-gray-03.png",mens-cashmere-scarf-gray,mens
"Cashmere Scarf Gray 04.png","mens-cashmere-scarf-gray-04.png",mens-cashmere-scarf-gray,mens
"Cashmere Scarf Navy 01.png","mens-cashmere-scarf-navy-01.png",mens-cashmere-scarf-navy,mens
"Cashmere Scarf Navy 02.png","mens-cashmere-scarf-navy-02.png",mens-cashmere-scarf-navy,mens
"Cashmere Scarf Navy 03.png","mens-cashmere-scarf-navy-03.png",mens-cashmere-scarf-navy,mens
"Cashmere Scarf Navy 04.png","mens-cashmere-scarf-navy-04.png",mens-cashmere-scarf-navy,mens
"Crew Neck T-Shirt Black 01.png","mens-crew-neck-t-shirt-black-01.png",mens-crew-neck-t-shirt-black,mens
"Crew Neck T-Shirt Black 02.png","mens-crew-neck-t-shirt-black-02.png",mens-crew-neck-t-shirt-black,mens
"Crew Neck T-Shirt Black 03.png","mens-crew-neck-t-shirt-black-03.png",mens-crew-neck-t-shirt-black,mens
"Crew Neck T-Shirt Gray 01.png","mens-crew-neck-t-shirt-gray-01.png",mens-crew-neck-t-shirt-gray,mens
"Crew Neck T-Shirt Gray 02.png","mens-crew-neck-t-shirt-gray-02.png",mens-crew-neck-t-shirt-gray,mens
"Crew Neck T-Shirt Gray 03.png","mens-crew-neck-t-shirt-gray-03.png",mens-crew-neck-t-shirt-gray,mens
"Crew Neck T-Shirt Gray 04.png","mens-crew-neck-t-shirt-gray-04.png",mens-crew-neck-t-shirt-gray,mens
"Crew Neck T-Shirt Navy 01.png","mens-crew-neck-t-shirt-navy-01.png",mens-crew-neck-t-shirt-navy,mens
"Crew Neck T-Shirt Navy 02.png","mens-crew-neck-t-shirt-navy-02.png",mens-crew-neck-t-shirt-navy,mens
"Crew Neck T-Shirt Navy 03.png","mens-crew-neck-t-shirt-navy-03.png",mens-crew-neck-t-shirt-navy,mens
"Crew Neck T-Shirt Navy 04.png","mens-crew-neck-t-shirt-navy-04.png",mens-crew-neck-t-shirt-navy,mens
"Crew Neck T-Shirt White 01.png","mens-crew-neck-t-shirt-white-01.png",mens-crew-neck-t-shirt-white,mens
"Crew Neck T-Shirt White 02.png","mens-crew-neck-t-shirt-white-02.png",mens-crew-neck-t-shirt-white,mens
"Crew Neck T-Shirt White 03.png","mens-crew-neck-t-shirt-white-03.png",mens-crew-neck-t-shirt-white,mens
"Crew Neck T-Shirt White 04.png","mens-crew-neck-t-shirt-white-04.png",mens-crew-neck-t-shirt-white,mens
"Denim Jacket Black 01.png","mens-denim-jacket-black-01.png",mens-denim-jacket-black,mens
"Denim Jacket Black 02.png","mens-denim-jacket-black-02.png",mens-denim-jacket-black,mens
"Denim Jacket Black 03.png","mens-denim-jacket-black-03.png",mens-denim-jacket-black,mens
"Denim Jacket Black 04.png","mens-denim-jacket-black-04.png",mens-denim-jacket-black,mens
"Denim Jacket Blue 01.png","mens-denim-jacket-blue-01.png",mens-denim-jacket-blue,mens
"Denim Jacket Blue 02.png","mens-denim-jacket-blue-02.png",mens-denim-jacket-blue,mens
"Denim Jacket Blue 03.png","mens-denim-jacket-blue-03.png",mens-denim-jacket-blue,mens
"Denim Jacket Blue 04.png","mens-denim-jacket-blue-04.png",mens-denim-jacket-blue,mens
"Denim Jacket Blue 05.png","mens-denim-jacket-blue-05.png",mens-denim-jacket-blue,mens
"Leather Belt Black 01.png","mens-leather-belt-black-01.png",mens-leather-belt-black,mens
"Leather Belt Black 02.png","mens-leather-belt-black-02.png",mens-leather-belt-black,mens
"Leather Belt Black 03.png","mens-leather-belt-black-03.png",mens-leather-belt-black,mens
"Leather Belt Black 04.png","mens-leather-belt-black-04.png",mens-leather-belt-black,mens
"Leather Belt Bown 01.png","mens-leather-belt-brown-01.png",mens-leather-belt-brown,mens
"Leather Belt Bown 02.png","mens-leather-belt-brown-02.png",mens-leather-belt-brown,mens
"Leather Belt Bown 03.png","mens-leather-belt-brown-03.png",mens-leather-belt-brown,mens
"Leather Belt Bown 04.png","mens-leather-belt-brown-04.png",mens-leather-belt-brown,mens
"Leather Chelsea Boots Black 01.png","mens-leather-chelsea-boots-black-01.png",mens-leather-chelsea-boots-black,mens
"Leather Chelsea Boots Black 02.png","mens-leather-chelsea-boots-black-02.png",mens-leather-chelsea-boots-black,mens
"Leather Chelsea Boots Black 03.png","mens-leather-chelsea-boots-black-03.png",mens-leather-chelsea-boots-black,mens
"Leather Chelsea Boots Black 04.png","mens-leather-chelsea-boots-black-04.png",mens-leather-chelsea-boots-black,mens
"Leather Chelsea Boots Brown 01.png","mens-leather-chelsea-boots-brown-01.png",mens-leather-chelsea-boots-brown,mens
"Leather Chelsea Boots Brown 02.png","mens-leather-chelsea-boots-brown-02.png",mens-leather-chelsea-boots-brown,mens
"Leather Chelsea Boots Brown 03.png","mens-leather-chelsea-boots-brown-03.png",mens-leather-chelsea-boots-brown,mens
"Leather Chelsea Boots Brown 04.png","mens-leather-chelsea-boots-brown-04.png",mens-leather-chelsea-boots-brown,mens
"Leather Messenger Bag Black 01.png","mens-leather-messenger-bag-black-01.png",mens-leather-messenger-bag-black,mens
"Leather Messenger Bag Black 02.png","mens-leather-messenger-bag-black-02.png",mens-leather-messenger-bag-black,mens
"Leather Messenger Bag Black 03.png","mens-leather-messenger-bag-black-03.png",mens-leather-messenger-bag-black,mens
"Leather Messenger Bag Black 04.png","mens-leather-messenger-bag-black-04.png",mens-leather-messenger-bag-black,mens
"Leather Messenger Bag Brown 01.png","mens-leather-messenger-bag-brown-01.png",mens-leather-messenger-bag-brown,mens
"Leather Messenger Bag Brown 02.png","mens-leather-messenger-bag-brown-02.png",mens-leather-messenger-bag-brown,mens
"Leather Messenger Bag Brown 03.png","mens-leather-messenger-bag-brown-03.png",mens-leather-messenger-bag-brown,mens
"Leather Messenger Bag Brown 04.png","mens-leather-messenger-bag-brown-04.png",mens-leather-messenger-bag-brown,mens
"Merino Wool Sweater Black 01.png","mens-merino-wool-sweater-black-01.png",mens-merino-wool-sweater-black,mens
"Merino Wool Sweater Black 02.png","mens-merino-wool-sweater-black-02.png",mens-merino-wool-sweater-black,mens
"Merino Wool Sweater Black 03.png","mens-merino-wool-sweater-black-03.png",mens-merino-wool-sweater-black,mens
"Merino Wool Sweater Black 04.png","mens-merino-wool-sweater-black-04.png",mens-merino-wool-sweater-black,mens
"Merino Wool Sweater Gray 01.png","mens-merino-wool-sweater-gray-01.png",mens-merino-wool-sweater-gray,mens
"Merino Wool Sweater Gray 02.png","mens-merino-wool-sweater-gray-02.png",mens-merino-wool-sweater-gray,mens
"Merino Wool Sweater Gray 03.png","mens-merino-wool-sweater-gray-03.png",mens-merino-wool-sweater-gray,mens
"Merino Wool Sweater Gray 04.png","mens-merino-wool-sweater-gray-04.png",mens-merino-wool-sweater-gray,mens
"Merino Wool Sweater Navy 01.png","mens-merino-wool-sweater-navy-01.png",mens-merino-wool-sweater-navy,mens
"Merino Wool Sweater Navy 02.png","mens-merino-wool-sweater-navy-02.png",mens-merino-wool-sweater-navy,mens
"Merino Wool Sweater Navy 03.png","mens-merino-wool-sweater-navy-03.png",mens-merino-wool-sweater-navy,mens
"Merino Wool Sweater Navy 04.png","mens-merino-wool-sweater-navy-04.png",mens-merino-wool-sweater-navy,mens
"Oxford Shirt Blue 01.png","mens-oxford-shirt-blue-01.png",mens-oxford-shirt-blue,mens
"Oxford Shirt Blue 02.png","mens-oxford-shirt-blue-02.png",mens-oxford-shirt-blue,mens
"Oxford Shirt Blue 03.png","mens-oxford-shirt-blue-03.png",mens-oxford-shirt-blue,mens
"Oxford Shirt Blue 04.png","mens-oxford-shirt-blue-04.png",mens-oxford-shirt-blue,mens
"Oxford Shirt Pink 01.png","mens-oxford-shirt-pink-01.png",mens-oxford-shirt-pink,mens
"Oxford Shirt Pink 02.png","mens-oxford-shirt-pink-02.png",mens-oxford-shirt-pink,mens
"Oxford Shirt Pink 03.png","mens-oxford-shirt-pink-03.png",mens-oxford-shirt-pink,mens
"Oxford Shirt Pink 04.png","mens-oxford-shirt-pink-04.png",mens-oxford-shirt-pink,mens
"Oxford Shirt White 01.png","mens-oxford-shirt-white-01.png",mens-oxford-shirt-white,mens
"Oxford Shirt White 02.png","mens-oxford-shirt-white-02.png",mens-oxford-shirt-white,mens
"Oxford Shirt White 03.png","mens-oxford-shirt-white-03.png",mens-oxford-shirt-white,mens
"Oxford Shirt White 04.png","mens-oxford-shirt-white-04.png",mens-oxford-shirt-white,mens
"Oxford Shirt White 05.png","mens-oxford-shirt-white-05.png",mens-oxford-shirt-white,mens
"Oxford Shirt White 06.png","mens-oxford-shirt-white-06.png",mens-oxford-shirt-white,mens
"Slim Fit Chinos Beige 01.png","mens-slim-fit-chinos-beige-01.png",mens-slim-fit-chinos-beige,mens
"Slim Fit Chinos Beige 02.png","mens-slim-fit-chinos-beige-02.png",mens-slim-fit-chinos-beige,mens
"Slim Fit Chinos Beige 03.png","mens-slim-fit-chinos-beige-03.png",mens-slim-fit-chinos-beige,mens
"Slim Fit Chinos Beige 04.png","mens-slim-fit-chinos-beige-04.png",mens-slim-fit-chinos-beige,mens
"Slim Fit Chinos Black 01.png","mens-slim-fit-chinos-black-01.png",mens-slim-fit-chinos-black,mens
"Slim Fit Chinos Black 02.png","mens-slim-fit-chinos-black-02.png",mens-slim-fit-chinos-black,mens
"Slim Fit Chinos Black 03.png","mens-slim-fit-chinos-black-03.png",mens-slim-fit-chinos-black,mens
"Slim Fit Chinos Black 04.png","mens-slim-fit-chinos-black-04.png",mens-slim-fit-chinos-black,mens
"Slim Fit Chinos Navy 01.png","mens-slim-fit-chinos-navy-01.png",mens-slim-fit-chinos-navy,mens
"Slim Fit Chinos Navy 02.png","mens-slim-fit-chinos-navy-02.png",mens-slim-fit-chinos-navy,mens
"Slim Fit Chinos Navy 03.png","mens-slim-fit-chinos-navy-03.png",mens-slim-fit-chinos-navy,mens
"Slim Fit Chinos Navy 04.png","mens-slim-fit-chinos-navy-04.png",mens-slim-fit-chinos-navy,mens
"Slim Fit Jeans Black 01.png","mens-slim-fit-jeans-black-01.png",mens-slim-fit-jeans-black,mens
"Slim Fit Jeans Black 02.png","mens-slim-fit-jeans-black-02.png",mens-slim-fit-jeans-black,mens
"Slim Fit Jeans Black 03.png","mens-slim-fit-jeans-black-03.png",mens-slim-fit-jeans-black,mens
"Slim Fit Jeans Black 04.png","mens-slim-fit-jeans-black-04.png",mens-slim-fit-jeans-black,mens
"Slim Fit Jeans Black 05.png","mens-slim-fit-jeans-black-05.png",mens-slim-fit-jeans-black,mens
"Slim Fit Jeans Black 06.png","mens-slim-fit-jeans-black-06.png",mens-slim-fit-jeans-black,mens
"Slim Fit Jeans Blue 01.png","mens-slim-fit-jeans-blue-01.png",mens-slim-fit-jeans-blue,mens
"Slim Fit Jeans Blue 02.png","mens-slim-fit-jeans-blue-02.png",mens-slim-fit-jeans-blue,mens
"Slim Fit Jeans Blue 03.png","mens-slim-fit-jeans-blue-03.png",mens-slim-fit-jeans-blue,mens
"Slim Fit Jeans Blue 04.png","mens-slim-fit-jeans-blue-04.png",mens-slim-fit-jeans-blue,mens
"Suit Jacket Gray 01.png","mens-suit-jacket-gray-01.png",mens-suit-jacket-gray,mens
"Suit Jacket Gray 02.png","mens-suit-jacket-gray-02.png",mens-suit-jacket-gray,mens
"Suit Jacket Gray 03.png","mens-suit-jacket-gray-03.png",mens-suit-jacket-gray,mens
"Suit Jacket Gray 04.png","mens-suit-jacket-gray-04.png",mens-suit-jacket-gray,mens
"Suit Jacket Navy 01.png","mens-suit-jacket-navy-01.png",mens-suit-jacket-navy,mens
"Suit Jacket Navy 02.png","mens-suit-jacket-navy-02.png",mens-suit-jacket-navy,mens
"Suit Jacket Navy 03.png","mens-suit-jacket-navy-03.png",mens-suit-jacket-navy,mens
"Suit Jacket Navy 04.png","mens-suit-jacket-navy-04.png",mens-suit-jacket-navy,mens
"Tailored Suit Trousers Black 01.png","mens-tailored-suit-trousers-black-01.png",mens-tailored-suit-trousers-black,mens
"Tailored Suit Trousers Black 02.png","mens-tailored-suit-trousers-black-02.png",mens-tailored-suit-trousers-black,mens
"Tailored Suit Trousers Black 03.png","mens-tailored-suit-trousers-black-03.png",mens-tailored-suit-trousers-black,mens
"Tailored Suit Trousers Black 04.png","mens-tailored-suit-trousers-black-04.png",mens-tailored-suit-trousers-black,mens
"Tailored Suit Trousers Black 05.png","mens-tailored-suit-trousers-black-05.png",mens-tailored-suit-trousers-black,mens
"Tailored Suit Trousers Gray 01.png","mens-tailored-suit-trousers-gray-01.png",mens-tailored-suit-trousers-gray,mens
"Tailored Suit Trousers Gray 02.png","mens-tailored-suit-trousers-gray-02.png",mens-tailored-suit-trousers-gray,mens
"Tailored Suit Trousers Gray 03.png","mens-tailored-suit-trousers-gray-03.png",mens-tailored-suit-trousers-gray,mens
"Tailored Suit Trousers Gray 04.png","mens-tailored-suit-trousers-gray-04.png",mens-tailored-suit-trousers-gray,mens
"Tailored Suit Trousers Navy 01.png","mens-tailored-suit-trousers-navy-01.png",mens-tailored-suit-trousers-navy,mens
"Tailored Suit Trousers Navy 02.png","mens-tailored-suit-trousers-navy-02.png",mens-tailored-suit-trousers-navy,mens
"Tailored Suit Trousers Navy 03.png","mens-tailored-suit-trousers-navy-03.png",mens-tailored-suit-trousers-navy,mens
"Tailored Suit Trousers Navy 04.png","mens-tailored-suit-trousers-navy-04.png",mens-tailored-suit-trousers-navy,mens
"Wool Blend Overcoat Black 01.png","mens-wool-blend-overcoat-black-01.png",mens-wool-blend-overcoat-black,mens
"Wool Blend Overcoat Black 02.png","mens-wool-blend-overcoat-black-02.png",mens-wool-blend-overcoat-black,mens
"Wool Blend Overcoat Black 03.png","mens-wool-blend-overcoat-black-03.png",mens-wool-blend-overcoat-black,mens
"Wool Blend Overcoat Black 04.png","mens-wool-blend-overcoat-black-04.png",mens-wool-blend-overcoat-black,mens
"Wool Blend Overcoat Camel 01.png","mens-wool-blend-overcoat-camel-01.png",mens-wool-blend-overcoat-camel,mens
"Wool Blend Overcoat Camel 02.png","mens-wool-blend-overcoat-camel-02.png",mens-wool-blend-overcoat-camel,mens
"Wool Blend Overcoat Camel 03.png","mens-wool-blend-overcoat-camel-03.png",mens-wool-blend-overcoat-camel,mens
"Wool Blend Overcoat Camel 04.png","mens-wool-blend-overcoat-camel-04.png",mens-wool-blend-overcoat-camel,mens
"Wool Blend Overcoat Camel 05.png","mens-wool-blend-overcoat-camel-05.png",mens-wool-blend-overcoat-camel,mens
"Wool Blend Overcoat Navy 01.png","mens-wool-blend-overcoat-navy-01.png",mens-wool-blend-overcoat-navy,mens
"Wool Blend Overcoat Navy 02.png","mens-wool-blend-overcoat-navy-02.png",mens-wool-blend-overcoat-navy,mens
"Wool Blend Overcoat Navy 03.png","mens-wool-blend-overcoat-navy-03.png",mens-wool-blend-overcoat-navy,mens
"Wool Blend Overcoat Navy 04.png","mens-wool-blend-overcoat-navy-04.png",mens-wool-blend-overcoat-navy,mens
"Wool Blend Overcoat Navy 05.png","mens-wool-blend-overcoat-navy-05.png",mens-wool-blend-overcoat-navy,mens
"Kids Cargo Shorts Beige 01.png","kids-kids-cargo-shorts-beige-01.png",kids-kids-cargo-shorts-beige,kids
"Kids Cargo Shorts Beige 02.png","kids-kids-cargo-shorts-beige-02.png",kids-kids-cargo-shorts-beige,kids
"Kids Cargo Shorts Beige 03.png","kids-kids-cargo-shorts-beige-03.png",kids-kids-cargo-shorts-beige,kids
"Kids Cargo Shorts Beige 04.png","kids-kids-cargo-shorts-beige-04.png",kids-kids-cargo-shorts-beige,kids
"Kids Cargo Shorts Gray 01.png","kids-kids-cargo-shorts-gray-01.png",kids-kids-cargo-shorts-gray,kids
"Kids Cargo Shorts Gray 02.png","kids-kids-cargo-shorts-gray-02.png",kids-kids-cargo-shorts-gray,kids
"Kids Cargo Shorts Gray 03.png","kids-kids-cargo-shorts-gray-03.png",kids-kids-cargo-shorts-gray,kids
"Kids Cargo Shorts Gray 04.png","kids-kids-cargo-shorts-gray-04.png",kids-kids-cargo-shorts-gray,kids
"Kids Cargo Shorts Gray 05.png","kids-kids-cargo-shorts-gray-05.png",kids-kids-cargo-shorts-gray,kids
"Kids Cargo Shorts Navy 0.png","kids-kids-cargo-shorts-navy-0.png",kids-kids-cargo-shorts-navy,kids
"Kids Cargo Shorts Navy 01.png","kids-kids-cargo-shorts-navy-01.png",kids-kids-cargo-shorts-navy,kids
"Kids Cargo Shorts Navy 02.png","kids-kids-cargo-shorts-navy-02.png",kids-kids-cargo-shorts-navy,kids
"Kids Cargo Shorts Navy 03.png","kids-kids-cargo-shorts-navy-03.png",kids-kids-cargo-shorts-navy,kids
"Kids Cargo Shorts Navy 04.png","kids-kids-cargo-shorts-navy-04.png",kids-kids-cargo-shorts-navy,kids
"Kids Denim Jeans Black 01.png","kids-kids-denim-jeans-black-01.png",kids-kids-denim-jeans-black,kids
"Kids Denim Jeans Black 02.png","kids-kids-denim-jeans-black-02.png",kids-kids-denim-jeans-black,kids
"Kids Denim Jeans Black 03.png","kids-kids-denim-jeans-black-03.png",kids-kids-denim-jeans-black,kids
"Kids Denim Jeans Black 04.png","kids-kids-denim-jeans-black-04.png",kids-kids-denim-jeans-black,kids
"Kids Denim Jeans Black 05.png","kids-kids-denim-jeans-black-05.png",kids-kids-denim-jeans-black,kids
"Kids Denim Jeans Blue 01.png","kids-kids-denim-jeans-blue-01.png",kids-kids-denim-jeans-blue,kids
"Kids Denim Jeans Blue 02.png","kids-kids-denim-jeans-blue-02.png",kids-kids-denim-jeans-blue,kids
"Kids Denim Jeans Blue 03.png","kids-kids-denim-jeans-blue-03.png",kids-kids-denim-jeans-blue,kids
"Kids Denim Jeans Blue 04.png","kids-kids-denim-jeans-blue-04.png",kids-kids-denim-jeans-blue,kids
"Kids Floral Dress Blue 01.png","kids-kids-floral-dress-blue-01.png",kids-kids-floral-dress-blue,kids
"Kids Floral Dress Blue 02.png","kids-kids-floral-dress-blue-02.png",kids-kids-floral-dress-blue,kids
"Kids Floral Dress Blue 03.png","kids-kids-floral-dress-blue-03.png",kids-kids-floral-dress-blue,kids
"Kids Floral Dress Blue 04.png","kids-kids-floral-dress-blue-04.png",kids-kids-floral-dress-blue,kids
"Kids Floral Dress Blue 05.png","kids-kids-floral-dress-blue-05.png",kids-kids-floral-dress-blue,kids
"Kids Floral Dress Pink 01.png","kids-kids-floral-dress-pink-01.png",kids-kids-floral-dress-pink,kids
"Kids Floral Dress Pink 02.png","kids-kids-floral-dress-pink-02.png",kids-kids-floral-dress-pink,kids
"Kids Floral Dress Pink 03.png","kids-kids-floral-dress-pink-03.png",kids-kids-floral-dress-pink,kids
"Kids Floral Dress Pink 04.png","kids-kids-floral-dress-pink-04.png",kids-kids-floral-dress-pink,kids
"Kids Floral Dress White 01.png","kids-kids-floral-dress-white-01.png",kids-kids-floral-dress-white,kids
"Kids Floral Dress White 02.png","kids-kids-floral-dress-white-02.png",kids-kids-floral-dress-white,kids
"Kids Floral Dress White 03.png","kids-kids-floral-dress-white-03.png",kids-kids-floral-dress-white,kids
"Kids Floral Dress White 04.png","kids-kids-floral-dress-white-04.png",kids-kids-floral-dress-white,kids
"Kids Graphic T-Shirt Gray 01.png","kids-kids-graphic-t-shirt-gray-01.png",kids-kids-graphic-t-shirt-gray,kids
"Kids Graphic T-Shirt Gray 02.png","kids-kids-graphic-t-shirt-gray-02.png",kids-kids-graphic-t-shirt-gray,kids
"Kids Graphic T-Shirt Gray 03.png","kids-kids-graphic-t-shirt-gray-03.png",kids-kids-graphic-t-shirt-gray,kids
"Kids Graphic T-Shirt Gray 04.png","kids-kids-graphic-t-shirt-gray-04.png",kids-kids-graphic-t-shirt-gray,kids
"Kids Graphic T-Shirt Gray 05.png","kids-kids-graphic-t-shirt-gray-05.png",kids-kids-graphic-t-shirt-gray,kids
"Kids Graphic T-Shirt Gray 06.png","kids-kids-graphic-t-shirt-gray-06.png",kids-kids-graphic-t-shirt-gray,kids
"Kids Graphic T-Shirt Navy 01.png","kids-kids-graphic-t-shirt-navy-01.png",kids-kids-graphic-t-shirt-navy,kids
"Kids Graphic T-Shirt Navy 02.png","kids-kids-graphic-t-shirt-navy-02.png",kids-kids-graphic-t-shirt-navy,kids
"Kids Graphic T-Shirt Navy 03.png","kids-kids-graphic-t-shirt-navy-03.png",kids-kids-graphic-t-shirt-navy,kids
"Kids Graphic T-Shirt Navy 04.png","kids-kids-graphic-t-shirt-navy-04.png",kids-kids-graphic-t-shirt-navy,kids
"Kids Graphic T-Shirt White 01.png","kids-kids-graphic-t-shirt-white-01.png",kids-kids-graphic-t-shirt-white,kids
"Kids Graphic T-Shirt White 02.png","kids-kids-graphic-t-shirt-white-02.png",kids-kids-graphic-t-shirt-white,kids
"Kids Graphic T-Shirt White 03.png","kids-kids-graphic-t-shirt-white-03.png",kids-kids-graphic-t-shirt-white,kids
"Kids Graphic T-Shirt White 04.png","kids-kids-graphic-t-shirt-white-04.png",kids-kids-graphic-t-shirt-white,kids
"Kids Graphic T-Shirt White 05.png","kids-kids-graphic-t-shirt-white-05.png",kids-kids-graphic-t-shirt-white,kids
"Kids Graphic T-Shirt White 06.png","kids-kids-graphic-t-shirt-white-06.png",kids-kids-graphic-t-shirt-white,kids
"Kids Hooded Jacket Navy 01.png","kids-kids-hooded-jacket-navy-01.png",kids-kids-hooded-jacket-navy,kids
"Kids Hooded Jacket Navy 02.png","kids-kids-hooded-jacket-navy-02.png",kids-kids-hooded-jacket-navy,kids
"Kids Hooded Jacket Navy 03.png","kids-kids-hooded-jacket-navy-03.png",kids-kids-hooded-jacket-navy,kids
"Kids Hooded Jacket Navy 04.png","kids-kids-hooded-jacket-navy-04.png",kids-kids-hooded-jacket-navy,kids
"Kids Hooded Jacket Navy 05.png","kids-kids-hooded-jacket-navy-05.png",kids-kids-hooded-jacket-navy,kids
"Kids Hooded Jacket Pink 01.png","kids-kids-hooded-jacket-pink-01.png",kids-kids-hooded-jacket-pink,kids
"Kids Hooded Jacket Pink 02.png","kids-kids-hooded-jacket-pink-02.png",kids-kids-hooded-jacket-pink,kids
"Kids Hooded Jacket Pink 03.png","kids-kids-hooded-jacket-pink-03.png",kids-kids-hooded-jacket-pink,kids
"Kids Hooded Jacket Pink 04.png","kids-kids-hooded-jacket-pink-04.png",kids-kids-hooded-jacket-pink,kids
"Kids Hooded Jacket Red 01.png","kids-kids-hooded-jacket-red-01.png",kids-kids-hooded-jacket-red,kids
"Kids Hooded Jacket Red 02.png","kids-kids-hooded-jacket-red-02.png",kids-kids-hooded-jacket-red,kids
"Kids Hooded Jacket Red 03.png","kids-kids-hooded-jacket-red-03.png",kids-kids-hooded-jacket-red,kids
"Kids Hooded Jacket Red 04.png","kids-kids-hooded-jacket-red-04.png",kids-kids-hooded-jacket-red,kids
"Kids Knit Cardigan Beige 01.png","kids-kids-knit-cardigan-beige-01.png",kids-kids-knit-cardigan-beige,kids
"Kids Knit Cardigan Beige 02.png","kids-kids-knit-cardigan-beige-02.png",kids-kids-knit-cardigan-beige,kids
"Kids Knit Cardigan Beige 03.png","kids-kids-knit-cardigan-beige-03.png",kids-kids-knit-cardigan-beige,kids
"Kids Knit Cardigan Beige 04.png","kids-kids-knit-cardigan-beige-04.png",kids-kids-knit-cardigan-beige,kids
"Kids Knit Cardigan Beige 05.png","kids-kids-knit-cardigan-beige-05.png",kids-kids-knit-cardigan-beige,kids
"Kids Knit Cardigan Pink 01.png","kids-kids-knit-cardigan-pink-01.png",kids-kids-knit-cardigan-pink,kids
"Kids Knit Cardigan Pink 02.png","kids-kids-knit-cardigan-pink-02.png",kids-kids-knit-cardigan-pink,kids
"Kids Knit Cardigan Pink 03.png","kids-kids-knit-cardigan-pink-03.png",kids-kids-knit-cardigan-pink,kids
"Kids Knit Cardigan Pink 04.png","kids-kids-knit-cardigan-pink-04.png",kids-kids-knit-cardigan-pink,kids
"Kids Knit Cardigan Pink 05.png","kids-kids-knit-cardigan-pink-05.png",kids-kids-knit-cardigan-pink,kids
"Kids Rain Jacket Navy 01.png","kids-kids-rain-jacket-navy-01.png",kids-kids-rain-jacket-navy,kids
"Kids Rain Jacket Navy 02.png","kids-kids-rain-jacket-navy-02.png",kids-kids-rain-jacket-navy,kids
"Kids Rain Jacket Navy 03.png","kids-kids-rain-jacket-navy-03.png",kids-kids-rain-jacket-navy,kids
"Kids Rain Jacket Navy 04.png","kids-kids-rain-jacket-navy-04.png",kids-kids-rain-jacket-navy,kids
"Kids Rain Jacket Navy 05.png","kids-kids-rain-jacket-navy-05.png",kids-kids-rain-jacket-navy,kids
"Kids Rain Jacket Navy 06.png","kids-kids-rain-jacket-navy-06.png",kids-kids-rain-jacket-navy,kids
"Kids Rain Jacket Pink 0.png","kids-kids-rain-jacket-pink-0.png",kids-kids-rain-jacket-pink,kids
"Kids Rain Jacket Pink 01.png","kids-kids-rain-jacket-pink-01.png",kids-kids-rain-jacket-pink,kids
"Kids Rain Jacket Pink 02.png","kids-kids-rain-jacket-pink-02.png",kids-kids-rain-jacket-pink,kids
"Kids Rain Jacket Pink 03.png","kids-kids-rain-jacket-pink-03.png",kids-kids-rain-jacket-pink,kids
"Kids Rain Jacket Pink 04.png","kids-kids-rain-jacket-pink-04.png",kids-kids-rain-jacket-pink,kids
"Kids Rain Jacket Yellow 01.png","kids-kids-rain-jacket-yellow-01.png",kids-kids-rain-jacket-yellow,kids
"Kids Rain Jacket Yellow 02.png","kids-kids-rain-jacket-yellow-02.png",kids-kids-rain-jacket-yellow,kids
"Kids Rain Jacket Yellow 03.png","kids-kids-rain-jacket-yellow-03.png",kids-kids-rain-jacket-yellow,kids
"Kids Rain Jacket Yellow 04.png","kids-kids-rain-jacket-yellow-04.png",kids-kids-rain-jacket-yellow,kids
"Kids Rain Jacket Yellow 05.png","kids-kids-rain-jacket-yellow-05.png",kids-kids-rain-jacket-yellow,kids
"Kids Rain Jacket Yellow 06.png","kids-kids-rain-jacket-yellow-06.png",kids-kids-rain-jacket-yellow,kids
"Kids Sneakers Black 01.png","kids-kids-sneakers-black-01.png",kids-kids-sneakers-black,kids
"Kids Sneakers Black 02.png","kids-kids-sneakers-black-02.png",kids-kids-sneakers-black,kids
"Kids Sneakers Black 03.png","kids-kids-sneakers-black-03.png",kids-kids-sneakers-black,kids
"Kids Sneakers Black 04.png","kids-kids-sneakers-black-04.png",kids-kids-sneakers-black,kids
"Kids Sneakers Black 05.png","kids-kids-sneakers-black-05.png",kids-kids-sneakers-black,kids
"Kids Sneakers Blue 01.png","kids-kids-sneakers-blue-01.png",kids-kids-sneakers-blue,kids
"Kids Sneakers Blue 02.png","kids-kids-sneakers-blue-02.png",kids-kids-sneakers-blue,kids
"Kids Sneakers Blue 03.png","kids-kids-sneakers-blue-03.png",kids-kids-sneakers-blue,kids
"Kids Sneakers Blue 04.png","kids-kids-sneakers-blue-04.png",kids-kids-sneakers-blue,kids
"Kids Sneakers White 01.png","kids-kids-sneakers-white-01.png",kids-kids-sneakers-white,kids
"Kids Sneakers White 02.png","kids-kids-sneakers-white-02.png",kids-kids-sneakers-white,kids
"Kids Sneakers White 03.png","kids-kids-sneakers-white-03.png",kids-kids-sneakers-white,kids
"Kids Sneakers White 04.png","kids-kids-sneakers-white-04.png",kids-kids-sneakers-white,kids
