slug,imageNumber,shotType,prompt,outputPath
"women-midi-skirt-51","1","MODEL HERO","realistic fashion e-commerce photography, women's midi skirt in black color, professional fashion model wearing the garment, neutral bone ivory background, professional studio lighting, Zara-like product photography, clean composition, high fashion aesthetic, editorial style, no text, no logos, no watermarks, --ar 4:5 --style raw --s 75 --q 1","public/images/products/women-midi-skirt-51/1.jpg"
"women-midi-skirt-51","2","PACKSHOT NO MODEL","professional product photography, midi skirt in black color, ghost mannequin style, invisible mannequin technique, floating garment effect, neutral bone ivory background, professional e-commerce product shot, no model, no person, no human, flat lay style, studio lighting, Zara-like product photography, high fashion product photography, no text, no logos, no watermarks, --ar 4:5 --style raw --s 75 --q 1","public/images/products/women-midi-skirt-51/2.jpg"
"women-midi-skirt-51","3","MODEL LIFESTYLE","lifestyle fashion photography, women's midi skirt in black color, fashion model in natural urban setting, candid pose, authentic moment, soft natural lighting, neutral bone ivory background, editorial lifestyle aesthetic, high fashion, street style, Zara-like photography, no text, no logos, no watermarks, --ar 4:5 --style raw --s 75 --q 1","public/images/products/women-midi-skirt-51/3.jpg"
"women-midi-skirt-51","4","DETAIL MACRO","macro photography, extreme close-up detail shot of midi skirt in black color, fabric texture detail, material weave, Premium Materials, professional product detail photography, neutral bone ivory background, studio lighting, sharp focus, luxury fashion detail, textile close-up, Zara-like detail photography, no text, no logos, no watermarks, --ar 4:5 --style raw --s 75 --q 1","public/images/products/women-midi-skirt-51/4.jpg"
"women-flared-skirt-52","1","MODEL HERO","realistic fashion e-commerce photography, women's flared skirt in black color, professional fashion model wearing the garment, neutral bone ivory background, professional studio lighting, Zara-like product photography, clean composition, high fashion aesthetic, editorial style, no text, no logos, no watermarks, --ar 4:5 --style raw --s 75 --q 1","public/images/products/women-flared-skirt-52/1.jpg"
"women-flared-skirt-52","2","PACKSHOT NO MODEL","professional product photography, flared skirt in black color, ghost mannequin style, invisible mannequin technique, floating garment effect, neutral bone ivory background, professional e-commerce product shot, no model, no person, no human, flat lay style, studio lighting, Zara-like product photography, high fashion product photography, no text, no logos, no watermarks, --ar 4:5 --style raw --s 75 --q 1","public/images/products/women-flared-skirt-52/2.jpg"
"women-flared-skirt-52","3","MODEL LIFESTYLE","lifestyle fashion photography, women's flared skirt in black color, fashion model in natural urban setting, candid pose, authentic moment, soft natural lighting, neutral bone ivory background, editorial lifestyle aesthetic, high fashion, street style, Zara-like photography, no text, no logos, no watermarks, --ar 4:5 --style raw --s 75 --q 1","public/images/products/women-flared-skirt-52/3.jpg"
"women-flared-skirt-52","4","DETAIL MACRO","macro photography, extreme close-up detail shot of flared skirt in black color, fabric texture detail, material weave, Premium Materials, professional product detail photography, neutral bone ivory background, studio lighting, sharp focus, luxury fashion detail, textile close-up, Zara-like detail photography, no text, no logos, no watermarks, --ar 4:5 --style raw --s 75 --q 1","public/images/products/women-flared-skirt-52/4.jpg"
"women-long-wide-leg-jeans-53","1","MODEL HERO","realistic fashion e-commerce photography, women's long wide leg jeans in black color, professional fashion model wearing the garment, neutral bone ivory background, professional studio lighting, Zara-like product photography, clean composition, high fashion aesthetic, editorial style, no text, no logos, no watermarks, --ar 4:5 --style raw --s 75 --q 1","public/images/products/women-long-wide-leg-jeans-53/1.jpg"
"women-long-wide-leg-jeans-53","2","PACKSHOT NO MODEL","professional product photography, long wide leg jeans in black color, ghost mannequin style, invisible mannequin technique, floating garment effect, neutral bone ivory background, professional e-commerce product shot, no model, no person, no human, flat lay style, studio lighting, Zara-like product photography, high fashion product photography, no text, no logos, no watermarks, --ar 4:5 --style raw --s 75 --q 1","public/images/products/women-long-wide-leg-jeans-53/2.jpg"
"women-long-wide-leg-jeans-53","3","MODEL LIFESTYLE","lifestyle fashion photography, women's long wide leg jeans in black color, fashion model in natural urban setting, candid pose, authentic moment, soft natural lighting, neutral bone ivory background, editorial lifestyle aesthetic, high fashion, street style, Zara-like photography, no text, no logos, no watermarks, --ar 4:5 --style raw --s 75 --q 1","public/images/products/women-long-wide-leg-jeans-53/3.jpg"
"women-long-wide-leg-jeans-53","4","DETAIL MACRO","macro photography, extreme close-up detail shot of long wide leg jeans in black color, fabric texture detail, material weave, Premium Materials, professional product detail photography, neutral bone ivory background, studio lighting, sharp focus, luxury fashion detail, textile close-up, Zara-like detail photography, no text, no logos, no watermarks, --ar 4:5 --style raw --s 75 --q 1","public/images/products/women-long-wide-leg-jeans-53/4.jpg"
"women-pea-coat-54","1","MODEL HERO","realistic fashion e-commerce photography, women's pea coat in black color, professional fashion model wearing the garment, neutral bone ivory background, professional studio lighting, Zara-like product photography, clean composition, high fashion aesthetic, editorial style, no text, no logos, no watermarks, --ar 4:5 --style raw --s 75 --q 1","public/images/products/women-pea-coat-54/1.jpg"
"women-pea-coat-54","2","PACKSHOT NO MODEL","professional product photography, pea coat in black color, ghost mannequin style, invisible mannequin technique, floating garment effect, neutral bone ivory background, professional e-commerce product shot, no model, no person, no human, flat lay style, studio lighting, Zara-like product photography, high fashion product photography, no text, no logos, no watermarks, --ar 4:5 --style raw --s 75 --q 1","public/images/products/women-pea-coat-54/2.jpg"
"women-pea-coat-54","3","MODEL LIFESTYLE","lifestyle fashion photography, women's pea coat in black color, fashion model in natural urban setting, candid pose, authentic moment, soft natural lighting, neutral bone ivory background, editorial lifestyle aesthetic, high fashion, street style, Zara-like photography, no text, no logos, no watermarks, --ar 4:5 --style raw --s 75 --q 1","public/images/products/women-pea-coat-54/3.jpg"
"women-pea-coat-54","4","DETAIL MACRO","macro photography, extreme close-up detail shot of pea coat in black color, fabric texture detail, material weave, Premium Materials, professional product detail photography, neutral bone ivory background, studio lighting, sharp focus, luxury fashion detail, textile close-up, Zara-like detail photography, no text, no logos, no watermarks, --ar 4:5 --style raw --s 75 --q 1","public/images/products/women-pea-coat-54/4.jpg"
"women-hooded-sweater-55","1","MODEL HERO","realistic fashion e-commerce photography, women's hooded sweater in black color, professional fashion model wearing the garment, neutral bone ivory background, professional studio lighting, Zara-like product photography, clean composition, high fashion aesthetic, editorial style, no text, no logos, no watermarks, --ar 4:5 --style raw --s 75 --q 1","public/images/products/women-hooded-sweater-55/1.jpg"
"women-hooded-sweater-55","2","PACKSHOT NO MODEL","professional product photography, hooded sweater in black color, ghost mannequin style, invisible mannequin technique, floating garment effect, neutral bone ivory background, professional e-commerce product shot, no model, no person, no human, flat lay style, studio lighting, Zara-like product photography, high fashion product photography, no text, no logos, no watermarks, --ar 4:5 --style raw --s 75 --q 1","public/images/products/women-hooded-sweater-55/2.jpg"
"women-hooded-sweater-55","3","MODEL LIFESTYLE","lifestyle fashion photography, women's hooded sweater in black color, fashion model in natural urban setting, candid pose, authentic moment, soft natural lighting, neutral bone ivory background, editorial lifestyle aesthetic, high fashion, street style, Zara-like photography, no text, no logos, no watermarks, --ar 4:5 --style raw --s 75 --q 1","public/images/products/women-hooded-sweater-55/3.jpg"
"women-hooded-sweater-55","4","DETAIL MACRO","macro photography, extreme close-up detail shot of hooded sweater in black color, fabric texture detail, material weave, Premium Materials, professional product detail photography, neutral bone ivory background, studio lighting, sharp focus, luxury fashion detail, textile close-up, Zara-like detail photography, no text, no logos, no watermarks, --ar 4:5 --style raw --s 75 --q 1","public/images/products/women-hooded-sweater-55/4.jpg"
"women-leather-skirt-56","1","MODEL HERO","realistic fashion e-commerce photography, women's leather skirt in black color, professional fashion model wearing the garment, neutral bone ivory background, professional studio lighting, Zara-like product photography, clean composition, high fashion aesthetic, editorial style, no text, no logos, no watermarks, --ar 4:5 --style raw --s 75 --q 1","public/images/products/women-leather-skirt-56/1.jpg"
"women-leather-skirt-56","2","PACKSHOT NO MODEL","professional product photography, leather skirt in black color, ghost mannequin style, invisible mannequin technique, floating garment effect, neutral bone ivory background, professional e-commerce product shot, no model, no person, no human, flat lay style, studio lighting, Zara-like product photography, high fashion product photography, no text, no logos, no watermarks, --ar 4:5 --style raw --s 75 --q 1","public/images/products/women-leather-skirt-56/2.jpg"
"women-leather-skirt-56","3","MODEL LIFESTYLE","lifestyle fashion photography, women's leather skirt in black color, fashion model in natural urban setting, candid pose, authentic moment, soft natural lighting, neutral bone ivory background, editorial lifestyle aesthetic, high fashion, street style, Zara-like photography, no text, no logos, no watermarks, --ar 4:5 --style raw --s 75 --q 1","public/images/products/women-leather-skirt-56/3.jpg"
"women-leather-skirt-56","4","DETAIL MACRO","macro photography, extreme close-up detail shot of leather skirt in black color, fabric texture detail, material weave, Premium Materials, professional product detail photography, neutral bone ivory background, studio lighting, sharp focus, luxury fashion detail, textile close-up, Zara-like detail photography, no text, no logos, no watermarks, --ar 4:5 --style raw --s 75 --q 1","public/images/products/women-leather-skirt-56/4.jpg"
"women-cotton-blazer-57","1","MODEL HERO","realistic fashion e-commerce photography, women's cotton blazer in black color, professional fashion model wearing the garment, neutral bone ivory background, professional studio lighting, Zara-like product photography, clean composition, high fashion aesthetic, editorial style, no text, no logos, no watermarks, --ar 4:5 --style raw --s 75 --q 1","public/images/products/women-cotton-blazer-57/1.jpg"
"women-cotton-blazer-57","2","PACKSHOT NO MODEL","professional product photography, cotton blazer in black color, ghost mannequin style, invisible mannequin technique, floating garment effect, neutral bone ivory background, professional e-commerce product shot, no model, no person, no human, flat lay style, studio lighting, Zara-like product photography, high fashion product photography, no text, no logos, no watermarks, --ar 4:5 --style raw --s 75 --q 1","public/images/products/women-cotton-blazer-57/2.jpg"
"women-cotton-blazer-57","3","MODEL LIFESTYLE","lifestyle fashion photography, women's cotton blazer in black color, fashion model in natural urban setting, candid pose, authentic moment, soft natural lighting, neutral bone ivory background, editorial lifestyle aesthetic, high fashion, street style, Zara-like photography, no text, no logos, no watermarks, --ar 4:5 --style raw --s 75 --q 1","public/images/products/women-cotton-blazer-57/3.jpg"
"women-cotton-blazer-57","4","DETAIL MACRO","macro photography, extreme close-up detail shot of cotton blazer in black color, fabric texture detail, material weave, Premium Materials, professional product detail photography, neutral bone ivory background, studio lighting, sharp focus, luxury fashion detail, textile close-up, Zara-like detail photography, no text, no logos, no watermarks, --ar 4:5 --style raw --s 75 --q 1","public/images/products/women-cotton-blazer-57/4.jpg"
"women-cropped-blazer-58","1","MODEL HERO","realistic fashion e-commerce photography, women's cropped blazer in black color, professional fashion model wearing the garment, neutral bone ivory background, professional studio lighting, Zara-like product photography, clean composition, high fashion aesthetic, editorial style, no text, no logos, no watermarks, --ar 4:5 --style raw --s 75 --q 1","public/images/products/women-cropped-blazer-58/1.jpg"
"women-cropped-blazer-58","2","PACKSHOT NO MODEL","professional product photography, cropped blazer in black color, ghost mannequin style, invisible mannequin technique, floating garment effect, neutral bone ivory background, professional e-commerce product shot, no model, no person, no human, flat lay style, studio lighting, Zara-like product photography, high fashion product photography, no text, no logos, no watermarks, --ar 4:5 --style raw --s 75 --q 1","public/images/products/women-cropped-blazer-58/2.jpg"
"women-cropped-blazer-58","3","MODEL LIFESTYLE","lifestyle fashion photography, women's cropped blazer in black color, fashion model in natural urban setting, candid pose, authentic moment, soft natural lighting, neutral bone ivory background, editorial lifestyle aesthetic, high fashion, street style, Zara-like photography, no text, no logos, no watermarks, --ar 4:5 --style raw --s 75 --q 1","public/images/products/women-cropped-blazer-58/3.jpg"
"women-cropped-blazer-58","4","DETAIL MACRO","macro photography, extreme close-up detail shot of cropped blazer in black color, fabric texture detail, material weave, Premium Materials, professional product detail photography, neutral bone ivory background, studio lighting, sharp focus, luxury fashion detail, textile close-up, Zara-like detail photography, no text, no logos, no watermarks, --ar 4:5 --style raw --s 75 --q 1","public/images/products/women-cropped-blazer-58/4.jpg"
"women-chiffon-dress-59","1","MODEL HERO","realistic fashion e-commerce photography, women's chiffon dress in black color, professional fashion model wearing the garment, neutral bone ivory background, professional studio lighting, Zara-like product photography, clean composition, high fashion aesthetic, editorial style, no text, no logos, no watermarks, --ar 4:5 --style raw --s 75 --q 1","public/images/products/women-chiffon-dress-59/1.jpg"
"women-chiffon-dress-59","2","PACKSHOT NO MODEL","professional product photography, chiffon dress in black color, ghost mannequin style, invisible mannequin technique, floating garment effect, neutral bone ivory background, professional e-commerce product shot, no model, no person, no human, flat lay style, studio lighting, Zara-like product photography, high fashion product photography, no text, no logos, no watermarks, --ar 4:5 --style raw --s 75 --q 1","public/images/products/women-chiffon-dress-59/2.jpg"
"women-chiffon-dress-59","3","MODEL LIFESTYLE","lifestyle fashion photography, women's chiffon dress in black color, fashion model in natural urban setting, candid pose, authentic moment, soft natural lighting, neutral bone ivory background, editorial lifestyle aesthetic, high fashion, street style, Zara-like photography, no text, no logos, no watermarks, --ar 4:5 --style raw --s 75 --q 1","public/images/products/women-chiffon-dress-59/3.jpg"
"women-chiffon-dress-59","4","DETAIL MACRO","macro photography, extreme close-up detail shot of chiffon dress in black color, fabric texture detail, material weave, Premium Materials, professional product detail photography, neutral bone ivory background, studio lighting, sharp focus, luxury fashion detail, textile close-up, Zara-like detail photography, no text, no logos, no watermarks, --ar 4:5 --style raw --s 75 --q 1","public/images/products/women-chiffon-dress-59/4.jpg"
"women-wool-blend-trench-60","1","MODEL HERO","realistic fashion e-commerce photography, women's wool blend trench in black color, professional fashion model wearing the garment, neutral bone ivory background, professional studio lighting, Zara-like product photography, clean composition, high fashion aesthetic, editorial style, no text, no logos, no watermarks, --ar 4:5 --style raw --s 75 --q 1","public/images/products/women-wool-blend-trench-60/1.jpg"
"women-wool-blend-trench-60","2","PACKSHOT NO MODEL","professional product photography, wool blend trench in black color, ghost mannequin style, invisible mannequin technique, floating garment effect, neutral bone ivory background, professional e-commerce product shot, no model, no person, no human, flat lay style, studio lighting, Zara-like product photography, high fashion product photography, no text, no logos, no watermarks, --ar 4:5 --style raw --s 75 --q 1","public/images/products/women-wool-blend-trench-60/2.jpg"
"women-wool-blend-trench-60","3","MODEL LIFESTYLE","lifestyle fashion photography, women's wool blend trench in black color, fashion model in natural urban setting, candid pose, authentic moment, soft natural lighting, neutral bone ivory background, editorial lifestyle aesthetic, high fashion, street style, Zara-like photography, no text, no logos, no watermarks, --ar 4:5 --style raw --s 75 --q 1","public/images/products/women-wool-blend-trench-60/3.jpg"
"women-wool-blend-trench-60","4","DETAIL MACRO","macro photography, extreme close-up detail shot of wool blend trench in black color, fabric texture detail, material weave, Premium Materials, professional product detail photography, neutral bone ivory background, studio lighting, sharp focus, luxury fashion detail, textile close-up, Zara-like detail photography, no text, no logos, no watermarks, --ar 4:5 --style raw --s 75 --q 1","public/images/products/women-wool-blend-trench-60/4.jpg"
"women-linen-shirt-61","1","MODEL HERO","realistic fashion e-commerce photography, women's linen shirt in black color, professional fashion model wearing the garment, neutral bone ivory background, professional studio lighting, Zara-like product photography, clean composition, high fashion aesthetic, editorial style, no text, no logos, no watermarks, --ar 4:5 --style raw --s 75 --q 1","public/images/products/women-linen-shirt-61/1.jpg"
"women-linen-shirt-61","2","PACKSHOT NO MODEL","professional product photography, linen shirt in black color, ghost mannequin style, invisible mannequin technique, floating garment effect, neutral bone ivory background, professional e-commerce product shot, no model, no person, no human, flat lay style, studio lighting, Zara-like product photography, high fashion product photography, no text, no logos, no watermarks, --ar 4:5 --style raw --s 75 --q 1","public/images/products/women-linen-shirt-61/2.jpg"
"women-linen-shirt-61","3","MODEL LIFESTYLE","lifestyle fashion photography, women's linen shirt in black color, fashion model in natural urban setting, candid pose, authentic moment, soft natural lighting, neutral bone ivory background, editorial lifestyle aesthetic, high fashion, street style, Zara-like photography, no text, no logos, no watermarks, --ar 4:5 --style raw --s 75 --q 1","public/images/products/women-linen-shirt-61/3.jpg"
"women-linen-shirt-61","4","DETAIL MACRO","macro photography, extreme close-up detail shot of linen shirt in black color, fabric texture detail, material weave, Premium Materials, professional product detail photography, neutral bone ivory background, studio lighting, sharp focus, luxury fashion detail, textile close-up, Zara-like detail photography, no text, no logos, no watermarks, --ar 4:5 --style raw --s 75 --q 1","public/images/products/women-linen-shirt-61/4.jpg"
"women-mom-jeans-62","1","MODEL HERO","realistic fashion e-commerce photography, women's mom jeans in black color, professional fashion model wearing the garment, neutral bone ivory background, professional studio lighting, Zara-like product photography, clean composition, high fashion aesthetic, editorial style, no text, no logos, no watermarks, --ar 4:5 --style raw --s 75 --q 1","public/images/products/women-mom-jeans-62/1.jpg"
"women-mom-jeans-62","2","PACKSHOT NO MODEL","professional product photography, mom jeans in black color, ghost mannequin style, invisible mannequin technique, floating garment effect, neutral bone ivory background, professional e-commerce product shot, no model, no person, no human, flat lay style, studio lighting, Zara-like product photography, high fashion product photography, no text, no logos, no watermarks, --ar 4:5 --style raw --s 75 --q 1","public/images/products/women-mom-jeans-62/2.jpg"
"women-mom-jeans-62","3","MODEL LIFESTYLE","lifestyle fashion photography, women's mom jeans in black color, fashion model in natural urban setting, candid pose, authentic moment, soft natural lighting, neutral bone ivory background, editorial lifestyle aesthetic, high fashion, street style, Zara-like photography, no text, no logos, no watermarks, --ar 4:5 --style raw --s 75 --q 1","public/images/products/women-mom-jeans-62/3.jpg"
"women-mom-jeans-62","4","DETAIL MACRO","macro photography, extreme close-up detail shot of mom jeans in black color, fabric texture detail, material weave, Premium Materials, professional product detail photography, neutral bone ivory background, studio lighting, sharp focus, luxury fashion detail, textile close-up, Zara-like detail photography, no text, no logos, no watermarks, --ar 4:5 --style raw --s 75 --q 1","public/images/products/women-mom-jeans-62/4.jpg"
"women-merino-wool-sweater-63","1","MODEL HERO","realistic fashion e-commerce photography, women's merino wool sweater in black color, professional fashion model wearing the garment, neutral bone ivory background, professional studio lighting, Zara-like product photography, clean composition, high fashion aesthetic, editorial style, no text, no logos, no watermarks, --ar 4:5 --style raw --s 75 --q 1","public/images/products/women-merino-wool-sweater-63/1.jpg"
"women-merino-wool-sweater-63","2","PACKSHOT NO MODEL","professional product photography, merino wool sweater in black color, ghost mannequin style, invisible mannequin technique, floating garment effect, neutral bone ivory background, professional e-commerce product shot, no model, no person, no human, flat lay style, studio lighting, Zara-like product photography, high fashion product photography, no text, no logos, no watermarks, --ar 4:5 --style raw --s 75 --q 1","public/images/products/women-merino-wool-sweater-63/2.jpg"
"women-merino-wool-sweater-63","3","MODEL LIFESTYLE","lifestyle fashion photography, women's merino wool sweater in black color, fashion model in natural urban setting, candid pose, authentic moment, soft natural lighting, neutral bone ivory background, editorial lifestyle aesthetic, high fashion, street style, Zara-like photography, no text, no logos, no watermarks, --ar 4:5 --style raw --s 75 --q 1","public/images/products/women-merino-wool-sweater-63/3.jpg"
"women-merino-wool-sweater-63","4","DETAIL MACRO","macro photography, extreme close-up detail shot of merino wool sweater in black color, fabric texture detail, material weave, Premium Materials, professional product detail photography, neutral bone ivory background, studio lighting, sharp focus, luxury fashion detail, textile close-up, Zara-like detail photography, no text, no logos, no watermarks, --ar 4:5 --style raw --s 75 --q 1","public/images/products/women-merino-wool-sweater-63/4.jpg"
"women-slim-fit-jeans-64","1","MODEL HERO","realistic fashion e-commerce photography, women's slim fit jeans in black color, professional fashion model wearing the garment, neutral bone ivory background, professional studio lighting, Zara-like product photography, clean composition, high fashion aesthetic, editorial style, no text, no logos, no watermarks, --ar 4:5 --style raw --s 75 --q 1","public/images/products/women-slim-fit-jeans-64/1.jpg"
"women-slim-fit-jeans-64","2","PACKSHOT NO MODEL","professional product photography, slim fit jeans in black color, ghost mannequin style, invisible mannequin technique, floating garment effect, neutral bone ivory background, professional e-commerce product shot, no model, no person, no human, flat lay style, studio lighting, Zara-like product photography, high fashion product photography, no text, no logos, no watermarks, --ar 4:5 --style raw --s 75 --q 1","public/images/products/women-slim-fit-jeans-64/2.jpg"
"women-slim-fit-jeans-64","3","MODEL LIFESTYLE","lifestyle fashion photography, women's slim fit jeans in black color, fashion model in natural urban setting, candid pose, authentic moment, soft natural lighting, neutral bone ivory background, editorial lifestyle aesthetic, high fashion, street style, Zara-like photography, no text, no logos, no watermarks, --ar 4:5 --style raw --s 75 --q 1","public/images/products/women-slim-fit-jeans-64/3.jpg"
"women-slim-fit-jeans-64","4","DETAIL MACRO","macro photography, extreme close-up detail shot of slim fit jeans in black color, fabric texture detail, material weave, Premium Materials, professional product detail photography, neutral bone ivory background, studio lighting, sharp focus, luxury fashion detail, textile close-up, Zara-like detail photography, no text, no logos, no watermarks, --ar 4:5 --style raw --s 75 --q 1","public/images/products/women-slim-fit-jeans-64/4.jpg"
"women-oversized-sweater-65","1","MODEL HERO","realistic fashion e-commerce photography, women's oversized sweater in black color, professional fashion model wearing the garment, neutral bone ivory background, professional studio lighting, Zara-like product photography, clean composition, high fashion aesthetic, editorial style, no text, no logos, no watermarks, --ar 4:5 --style raw --s 75 --q 1","public/images/products/women-oversized-sweater-65/1.jpg"
"women-oversized-sweater-65","2","PACKSHOT NO MODEL","professional product photography, oversized sweater in black color, ghost mannequin style, invisible mannequin technique, floating garment effect, neutral bone ivory background, professional e-commerce product shot, no model, no person, no human, flat lay style, studio lighting, Zara-like product photography, high fashion product photography, no text, no logos, no watermarks, --ar 4:5 --style raw --s 75 --q 1","public/images/products/women-oversized-sweater-65/2.jpg"
"women-oversized-sweater-65","3","MODEL LIFESTYLE","lifestyle fashion photography, women's oversized sweater in black color, fashion model in natural urban setting, candid pose, authentic moment, soft natural lighting, neutral bone ivory background, editorial lifestyle aesthetic, high fashion, street style, Zara-like photography, no text, no logos, no watermarks, --ar 4:5 --style raw --s 75 --q 1","public/images/products/women-oversized-sweater-65/3.jpg"
"women-oversized-sweater-65","4","DETAIL MACRO","macro photography, extreme close-up detail shot of oversized sweater in black color, fabric texture detail, material weave, Premium Materials, professional product detail photography, neutral bone ivory background, studio lighting, sharp focus, luxury fashion detail, textile close-up, Zara-like detail photography, no text, no logos, no watermarks, --ar 4:5 --style raw --s 75 --q 1","public/images/products/women-oversized-sweater-65/4.jpg"
"women-sundress-66","1","MODEL HERO","realistic fashion e-commerce photography, women's sundress in black color, professional fashion model wearing the garment, neutral bone ivory background, professional studio lighting, Zara-like product photography, clean composition, high fashion aesthetic, editorial style, no text, no logos, no watermarks, --ar 4:5 --style raw --s 75 --q 1","public/images/products/women-sundress-66/1.jpg"
"women-sundress-66","2","PACKSHOT NO MODEL","professional product photography, sundress in black color, ghost mannequin style, invisible mannequin technique, floating garment effect, neutral bone ivory background, professional e-commerce product shot, no model, no person, no human, flat lay style, studio lighting, Zara-like product photography, high fashion product photography, no text, no logos, no watermarks, --ar 4:5 --style raw --s 75 --q 1","public/images/products/women-sundress-66/2.jpg"
"women-sundress-66","3","MODEL LIFESTYLE","lifestyle fashion photography, women's sundress in black color, fashion model in natural urban setting, candid pose, authentic moment, soft natural lighting, neutral bone ivory background, editorial lifestyle aesthetic, high fashion, street style, Zara-like photography, no text, no logos, no watermarks, --ar 4:5 --style raw --s 75 --q 1","public/images/products/women-sundress-66/3.jpg"
"women-sundress-66","4","DETAIL MACRO","macro photography, extreme close-up detail shot of sundress in black color, fabric texture detail, material weave, Premium Materials, professional product detail photography, neutral bone ivory background, studio lighting, sharp focus, luxury fashion detail, textile close-up, Zara-like detail photography, no text, no logos, no watermarks, --ar 4:5 --style raw --s 75 --q 1","public/images/products/women-sundress-66/4.jpg"
"women-pencil-skirt-67","1","MODEL HERO","realistic fashion e-commerce photography, women's pencil skirt in black color, professional fashion model wearing the garment, neutral bone ivory background, professional studio lighting, Zara-like product photography, clean composition, high fashion aesthetic, editorial style, no text, no logos, no watermarks, --ar 4:5 --style raw --s 75 --q 1","public/images/products/women-pencil-skirt-67/1.jpg"
"women-pencil-skirt-67","2","PACKSHOT NO MODEL","professional product photography, pencil skirt in black color, ghost mannequin style, invisible mannequin technique, floating garment effect, neutral bone ivory background, professional e-commerce product shot, no model, no person, no human, flat lay style, studio lighting, Zara-like product photography, high fashion product photography, no text, no logos, no watermarks, --ar 4:5 --style raw --s 75 --q 1","public/images/products/women-pencil-skirt-67/2.jpg"
"women-pencil-skirt-67","3","MODEL LIFESTYLE","lifestyle fashion photography, women's pencil skirt in black color, fashion model in natural urban setting, candid pose, authentic moment, soft natural lighting, neutral bone ivory background, editorial lifestyle aesthetic, high fashion, street style, Zara-like photography, no text, no logos, no watermarks, --ar 4:5 --style raw --s 75 --q 1","public/images/products/women-pencil-skirt-67/3.jpg"
"women-pencil-skirt-67","4","DETAIL MACRO","macro photography, extreme close-up detail shot of pencil skirt in black color, fabric texture detail, material weave, Premium Materials, professional product detail photography, neutral bone ivory background, studio lighting, sharp focus, luxury fashion detail, textile close-up, Zara-like detail photography, no text, no logos, no watermarks, --ar 4:5 --style raw --s 75 --q 1","public/images/products/women-pencil-skirt-67/4.jpg"
"women-chain-bag-68","1","MODEL HERO","realistic fashion e-commerce photography, women's chain bag in black color, professional fashion model wearing the garment, neutral bone ivory background, professional studio lighting, Zara-like product photography, clean composition, high fashion aesthetic, editorial style, no text, no logos, no watermarks, --ar 4:5 --style raw --s 75 --q 1","public/images/products/women-chain-bag-68/1.jpg"
"women-chain-bag-68","2","PACKSHOT NO MODEL","professional product photography, chain bag in black color, ghost mannequin style, invisible mannequin technique, floating garment effect, neutral bone ivory background, professional e-commerce product shot, no model, no person, no human, flat lay style, studio lighting, Zara-like product photography, high fashion product photography, no text, no logos, no watermarks, --ar 4:5 --style raw --s 75 --q 1","public/images/products/women-chain-bag-68/2.jpg"
"women-chain-bag-68","3","MODEL LIFESTYLE","lifestyle fashion photography, women's chain bag in black color, fashion model in natural urban setting, candid pose, authentic moment, soft natural lighting, neutral bone ivory background, editorial lifestyle aesthetic, high fashion, street style, Zara-like photography, no text, no logos, no watermarks, --ar 4:5 --style raw --s 75 --q 1","public/images/products/women-chain-bag-68/3.jpg"
"women-chain-bag-68","4","DETAIL MACRO","macro photography, extreme close-up detail shot of chain bag in black color, fabric texture detail, material weave, Premium Materials, professional product detail photography, neutral bone ivory background, studio lighting, sharp focus, luxury fashion detail, textile close-up, Zara-like detail photography, no text, no logos, no watermarks, --ar 4:5 --style raw --s 75 --q 1","public/images/products/women-chain-bag-68/4.jpg"
"women-sweetheart-neck-69","1","MODEL HERO","realistic fashion e-commerce photography, women's sweetheart neck in black color, professional fashion model wearing the garment, neutral bone ivory background, professional studio lighting, Zara-like product photography, clean composition, high fashion aesthetic, editorial style, no text, no logos, no watermarks, --ar 4:5 --style raw --s 75 --q 1","public/images/products/women-sweetheart-neck-69/1.jpg"
"women-sweetheart-neck-69","2","PACKSHOT NO MODEL","professional product photography, sweetheart neck in black color, ghost mannequin style, invisible mannequin technique, floating garment effect, neutral bone ivory background, professional e-commerce product shot, no model, no person, no human, flat lay style, studio lighting, Zara-like product photography, high fashion product photography, no text, no logos, no watermarks, --ar 4:5 --style raw --s 75 --q 1","public/images/products/women-sweetheart-neck-69/2.jpg"
"women-sweetheart-neck-69","3","MODEL LIFESTYLE","lifestyle fashion photography, women's sweetheart neck in black color, fashion model in natural urban setting, candid pose, authentic moment, soft natural lighting, neutral bone ivory background, editorial lifestyle aesthetic, high fashion, street style, Zara-like photography, no text, no logos, no watermarks, --ar 4:5 --style raw --s 75 --q 1","public/images/products/women-sweetheart-neck-69/3.jpg"
"women-sweetheart-neck-69","4","DETAIL MACRO","macro photography, extreme close-up detail shot of sweetheart neck in black color, fabric texture detail, material weave, Premium Materials, professional product detail photography, neutral bone ivory background, studio lighting, sharp focus, luxury fashion detail, textile close-up, Zara-like detail photography, no text, no logos, no watermarks, --ar 4:5 --style raw --s 75 --q 1","public/images/products/women-sweetheart-neck-69/4.jpg"
"women-tunic-dress-70","1","MODEL HERO","realistic fashion e-commerce photography, women's tunic dress in black color, professional fashion model wearing the garment, neutral bone ivory background, professional studio lighting, Zara-like product photography, clean composition, high fashion aesthetic, editorial style, no text, no logos, no watermarks, --ar 4:5 --style raw --s 75 --q 1","public/images/products/women-tunic-dress-70/1.jpg"
"women-tunic-dress-70","2","PACKSHOT NO MODEL","professional product photography, tunic dress in black color, ghost mannequin style, invisible mannequin technique, floating garment effect, neutral bone ivory background, professional e-commerce product shot, no model, no person, no human, flat lay style, studio lighting, Zara-like product photography, high fashion product photography, no text, no logos, no watermarks, --ar 4:5 --style raw --s 75 --q 1","public/images/products/women-tunic-dress-70/2.jpg"
"women-tunic-dress-70","3","MODEL LIFESTYLE","lifestyle fashion photography, women's tunic dress in black color, fashion model in natural urban setting, candid pose, authentic moment, soft natural lighting, neutral bone ivory background, editorial lifestyle aesthetic, high fashion, street style, Zara-like photography, no text, no logos, no watermarks, --ar 4:5 --style raw --s 75 --q 1","public/images/products/women-tunic-dress-70/3.jpg"
"women-tunic-dress-70","4","DETAIL MACRO","macro photography, extreme close-up detail shot of tunic dress in black color, fabric texture detail, material weave, Premium Materials, professional product detail photography, neutral bone ivory background, studio lighting, sharp focus, luxury fashion detail, textile close-up, Zara-like detail photography, no text, no logos, no watermarks, --ar 4:5 --style raw --s 75 --q 1","public/images/products/women-tunic-dress-70/4.jpg"
"men-black-suit-71","1","MODEL HERO","realistic fashion e-commerce photography, men's black suit in black color, professional fashion model wearing the garment, neutral bone ivory background, professional studio lighting, Zara-like product photography, clean composition, high fashion aesthetic, editorial style, no text, no logos, no watermarks, --ar 4:5 --style raw --s 75 --q 1","public/images/products/men-black-suit-71/1.jpg"
"men-black-suit-71","2","PACKSHOT NO MODEL","professional product photography, black suit in black color, ghost mannequin style, invisible mannequin technique, floating garment effect, neutral bone ivory background, professional e-commerce product shot, no model, no person, no human, flat lay style, studio lighting, Zara-like product photography, high fashion product photography, no text, no logos, no watermarks, --ar 4:5 --style raw --s 75 --q 1","public/images/products/men-black-suit-71/2.jpg"
"men-black-suit-71","3","MODEL LIFESTYLE","lifestyle fashion photography, men's black suit in black color, fashion model in natural urban setting, candid pose, authentic moment, soft natural lighting, neutral bone ivory background, editorial lifestyle aesthetic, high fashion, street style, Zara-like photography, no text, no logos, no watermarks, --ar 4:5 --style raw --s 75 --q 1","public/images/products/men-black-suit-71/3.jpg"
"men-black-suit-71","4","DETAIL MACRO","macro photography, extreme close-up detail shot of black suit in black color, fabric texture detail, material weave, Premium Materials, professional product detail photography, neutral bone ivory background, studio lighting, sharp focus, luxury fashion detail, textile close-up, Zara-like detail photography, no text, no logos, no watermarks, --ar 4:5 --style raw --s 75 --q 1","public/images/products/men-black-suit-71/4.jpg"
"men-checked-blazer-72","1","MODEL HERO","realistic fashion e-commerce photography, men's checked blazer in black color, professional fashion model wearing the garment, neutral bone ivory background, professional studio lighting, Zara-like product photography, clean composition, high fashion aesthetic, editorial style, no text, no logos, no watermarks, --ar 4:5 --style raw --s 75 --q 1","public/images/products/men-checked-blazer-72/1.jpg"
"men-checked-blazer-72","2","PACKSHOT NO MODEL","professional product photography, checked blazer in black color, ghost mannequin style, invisible mannequin technique, floating garment effect, neutral bone ivory background, professional e-commerce product shot, no model, no person, no human, flat lay style, studio lighting, Zara-like product photography, high fashion product photography, no text, no logos, no watermarks, --ar 4:5 --style raw --s 75 --q 1","public/images/products/men-checked-blazer-72/2.jpg"
"men-checked-blazer-72","3","MODEL LIFESTYLE","lifestyle fashion photography, men's checked blazer in black color, fashion model in natural urban setting, candid pose, authentic moment, soft natural lighting, neutral bone ivory background, editorial lifestyle aesthetic, high fashion, street style, Zara-like photography, no text, no logos, no watermarks, --ar 4:5 --style raw --s 75 --q 1","public/images/products/men-checked-blazer-72/3.jpg"
"men-checked-blazer-72","4","DETAIL MACRO","macro photography, extreme close-up detail shot of checked blazer in black color, fabric texture detail, material weave, Premium Materials, professional product detail photography, neutral bone ivory background, studio lighting, sharp focus, luxury fashion detail, textile close-up, Zara-like detail photography, no text, no logos, no watermarks, --ar 4:5 --style raw --s 75 --q 1","public/images/products/men-checked-blazer-72/4.jpg"
"men-classic-fit-sweater-73","1","MODEL HERO","realistic fashion e-commerce photography, men's classic fit sweater in black color, professional fashion model wearing the garment, neutral bone ivory background, professional studio lighting, Zara-like product photography, clean composition, high fashion aesthetic, editorial style, no text, no logos, no watermarks, --ar 4:5 --style raw --s 75 --q 1","public/images/products/men-classic-fit-sweater-73/1.jpg"
"men-classic-fit-sweater-73","2","PACKSHOT NO MODEL","professional product photography, classic fit sweater in black color, ghost mannequin style, invisible mannequin technique, floating garment effect, neutral bone ivory background, professional e-commerce product shot, no model, no person, no human, flat lay style, studio lighting, Zara-like product photography, high fashion product photography, no text, no logos, no watermarks, --ar 4:5 --style raw --s 75 --q 1","public/images/products/men-classic-fit-sweater-73/2.jpg"
"men-classic-fit-sweater-73","3","MODEL LIFESTYLE","lifestyle fashion photography, men's classic fit sweater in black color, fashion model in natural urban setting, candid pose, authentic moment, soft natural lighting, neutral bone ivory background, editorial lifestyle aesthetic, high fashion, street style, Zara-like photography, no text, no logos, no watermarks, --ar 4:5 --style raw --s 75 --q 1","public/images/products/men-classic-fit-sweater-73/3.jpg"
"men-classic-fit-sweater-73","4","DETAIL MACRO","macro photography, extreme close-up detail shot of classic fit sweater in black color, fabric texture detail, material weave, Premium Materials, professional product detail photography, neutral bone ivory background, studio lighting, sharp focus, luxury fashion detail, textile close-up, Zara-like detail photography, no text, no logos, no watermarks, --ar 4:5 --style raw --s 75 --q 1","public/images/products/men-classic-fit-sweater-73/4.jpg"
"men-oversized-shirt-74","1","MODEL HERO","realistic fashion e-commerce photography, men's oversized shirt in black color, professional fashion model wearing the garment, neutral bone ivory background, professional studio lighting, Zara-like product photography, clean composition, high fashion aesthetic, editorial style, no text, no logos, no watermarks, --ar 4:5 --style raw --s 75 --q 1","public/images/products/men-oversized-shirt-74/1.jpg"
"men-oversized-shirt-74","2","PACKSHOT NO MODEL","professional product photography, oversized shirt in black color, ghost mannequin style, invisible mannequin technique, floating garment effect, neutral bone ivory background, professional e-commerce product shot, no model, no person, no human, flat lay style, studio lighting, Zara-like product photography, high fashion product photography, no text, no logos, no watermarks, --ar 4:5 --style raw --s 75 --q 1","public/images/products/men-oversized-shirt-74/2.jpg"
"men-oversized-shirt-74","3","MODEL LIFESTYLE","lifestyle fashion photography, men's oversized shirt in black color, fashion model in natural urban setting, candid pose, authentic moment, soft natural lighting, neutral bone ivory background, editorial lifestyle aesthetic, high fashion, street style, Zara-like photography, no text, no logos, no watermarks, --ar 4:5 --style raw --s 75 --q 1","public/images/products/men-oversized-shirt-74/3.jpg"
"men-oversized-shirt-74","4","DETAIL MACRO","macro photography, extreme close-up detail shot of oversized shirt in black color, fabric texture detail, material weave, Premium Materials, professional product detail photography, neutral bone ivory background, studio lighting, sharp focus, luxury fashion detail, textile close-up, Zara-like detail photography, no text, no logos, no watermarks, --ar 4:5 --style raw --s 75 --q 1","public/images/products/men-oversized-shirt-74/4.jpg"
"men-straight-leg-pants-75","1","MODEL HERO","realistic fashion e-commerce photography, men's straight leg pants in black color, professional fashion model wearing the garment, neutral bone ivory background, professional studio lighting, Zara-like product photography, clean composition, high fashion aesthetic, editorial style, no text, no logos, no watermarks, --ar 4:5 --style raw --s 75 --q 1","public/images/products/men-straight-leg-pants-75/1.jpg"
"men-straight-leg-pants-75","2","PACKSHOT NO MODEL","professional product photography, straight leg pants in black color, ghost mannequin style, invisible mannequin technique, floating garment effect, neutral bone ivory background, professional e-commerce product shot, no model, no person, no human, flat lay style, studio lighting, Zara-like product photography, high fashion product photography, no text, no logos, no watermarks, --ar 4:5 --style raw --s 75 --q 1","public/images/products/men-straight-leg-pants-75/2.jpg"
"men-straight-leg-pants-75","3","MODEL LIFESTYLE","lifestyle fashion photography, men's straight leg pants in black color, fashion model in natural urban setting, candid pose, authentic moment, soft natural lighting, neutral bone ivory background, editorial lifestyle aesthetic, high fashion, street style, Zara-like photography, no text, no logos, no watermarks, --ar 4:5 --style raw --s 75 --q 1","public/images/products/men-straight-leg-pants-75/3.jpg"
"men-straight-leg-pants-75","4","DETAIL MACRO","macro photography, extreme close-up detail shot of straight leg pants in black color, fabric texture detail, material weave, Premium Materials, professional product detail photography, neutral bone ivory background, studio lighting, sharp focus, luxury fashion detail, textile close-up, Zara-like detail photography, no text, no logos, no watermarks, --ar 4:5 --style raw --s 75 --q 1","public/images/products/men-straight-leg-pants-75/4.jpg"
"men-leather-jacket-76","1","MODEL HERO","realistic fashion e-commerce photography, men's leather jacket in black color, professional fashion model wearing the garment, neutral bone ivory background, professional studio lighting, Zara-like product photography, clean composition, high fashion aesthetic, editorial style, no text, no logos, no watermarks, --ar 4:5 --style raw --s 75 --q 1","public/images/products/men-leather-jacket-76/1.jpg"
"men-leather-jacket-76","2","PACKSHOT NO MODEL","professional product photography, leather jacket in black color, ghost mannequin style, invisible mannequin technique, floating garment effect, neutral bone ivory background, professional e-commerce product shot, no model, no person, no human, flat lay style, studio lighting, Zara-like product photography, high fashion product photography, no text, no logos, no watermarks, --ar 4:5 --style raw --s 75 --q 1","public/images/products/men-leather-jacket-76/2.jpg"
"men-leather-jacket-76","3","MODEL LIFESTYLE","lifestyle fashion photography, men's leather jacket in black color, fashion model in natural urban setting, candid pose, authentic moment, soft natural lighting, neutral bone ivory background, editorial lifestyle aesthetic, high fashion, street style, Zara-like photography, no text, no logos, no watermarks, --ar 4:5 --style raw --s 75 --q 1","public/images/products/men-leather-jacket-76/3.jpg"
"men-leather-jacket-76","4","DETAIL MACRO","macro photography, extreme close-up detail shot of leather jacket in black color, fabric texture detail, material weave, Premium Materials, professional product detail photography, neutral bone ivory background, studio lighting, sharp focus, luxury fashion detail, textile close-up, Zara-like detail photography, no text, no logos, no watermarks, --ar 4:5 --style raw --s 75 --q 1","public/images/products/men-leather-jacket-76/4.jpg"
"men-casual-shoes-77","1","MODEL HERO","realistic fashion e-commerce photography, men's casual shoes in black color, professional fashion model wearing the garment, neutral bone ivory background, professional studio lighting, Zara-like product photography, clean composition, high fashion aesthetic, editorial style, no text, no logos, no watermarks, --ar 4:5 --style raw --s 75 --q 1","public/images/products/men-casual-shoes-77/1.jpg"
"men-casual-shoes-77","2","PACKSHOT NO MODEL","professional product photography, casual shoes in black color, ghost mannequin style, invisible mannequin technique, floating garment effect, neutral bone ivory background, professional e-commerce product shot, no model, no person, no human, flat lay style, studio lighting, Zara-like product photography, high fashion product photography, no text, no logos, no watermarks, --ar 4:5 --style raw --s 75 --q 1","public/images/products/men-casual-shoes-77/2.jpg"
"men-casual-shoes-77","3","MODEL LIFESTYLE","lifestyle fashion photography, men's casual shoes in black color, fashion model in natural urban setting, candid pose, authentic moment, soft natural lighting, neutral bone ivory background, editorial lifestyle aesthetic, high fashion, street style, Zara-like photography, no text, no logos, no watermarks, --ar 4:5 --style raw --s 75 --q 1","public/images/products/men-casual-shoes-77/3.jpg"
"men-casual-shoes-77","4","DETAIL MACRO","macro photography, extreme close-up detail shot of casual shoes in black color, fabric texture detail, material weave, Premium Materials, professional product detail photography, neutral bone ivory background, studio lighting, sharp focus, luxury fashion detail, textile close-up, Zara-like detail photography, no text, no logos, no watermarks, --ar 4:5 --style raw --s 75 --q 1","public/images/products/men-casual-shoes-77/4.jpg"
"men-button-up-shirt-78","1","MODEL HERO","realistic fashion e-commerce photography, men's button-up shirt in black color, professional fashion model wearing the garment, neutral bone ivory background, professional studio lighting, Zara-like product photography, clean composition, high fashion aesthetic, editorial style, no text, no logos, no watermarks, --ar 4:5 --style raw --s 75 --q 1","public/images/products/men-button-up-shirt-78/1.jpg"
"men-button-up-shirt-78","2","PACKSHOT NO MODEL","professional product photography, button-up shirt in black color, ghost mannequin style, invisible mannequin technique, floating garment effect, neutral bone ivory background, professional e-commerce product shot, no model, no person, no human, flat lay style, studio lighting, Zara-like product photography, high fashion product photography, no text, no logos, no watermarks, --ar 4:5 --style raw --s 75 --q 1","public/images/products/men-button-up-shirt-78/2.jpg"
"men-button-up-shirt-78","3","MODEL LIFESTYLE","lifestyle fashion photography, men's button-up shirt in black color, fashion model in natural urban setting, candid pose, authentic moment, soft natural lighting, neutral bone ivory background, editorial lifestyle aesthetic, high fashion, street style, Zara-like photography, no text, no logos, no watermarks, --ar 4:5 --style raw --s 75 --q 1","public/images/products/men-button-up-shirt-78/3.jpg"
"men-button-up-shirt-78","4","DETAIL MACRO","macro photography, extreme close-up detail shot of button-up shirt in black color, fabric texture detail, material weave, Premium Materials, professional product detail photography, neutral bone ivory background, studio lighting, sharp focus, luxury fashion detail, textile close-up, Zara-like detail photography, no text, no logos, no watermarks, --ar 4:5 --style raw --s 75 --q 1","public/images/products/men-button-up-shirt-78/4.jpg"
"men-formal-shirt-79","1","MODEL HERO","realistic fashion e-commerce photography, men's formal shirt in black color, professional fashion model wearing the garment, neutral bone ivory background, professional studio lighting, Zara-like product photography, clean composition, high fashion aesthetic, editorial style, no text, no logos, no watermarks, --ar 4:5 --style raw --s 75 --q 1","public/images/products/men-formal-shirt-79/1.jpg"
"men-formal-shirt-79","2","PACKSHOT NO MODEL","professional product photography, formal shirt in black color, ghost mannequin style, invisible mannequin technique, floating garment effect, neutral bone ivory background, professional e-commerce product shot, no model, no person, no human, flat lay style, studio lighting, Zara-like product photography, high fashion product photography, no text, no logos, no watermarks, --ar 4:5 --style raw --s 75 --q 1","public/images/products/men-formal-shirt-79/2.jpg"
"men-formal-shirt-79","3","MODEL LIFESTYLE","lifestyle fashion photography, men's formal shirt in black color, fashion model in natural urban setting, candid pose, authentic moment, soft natural lighting, neutral bone ivory background, editorial lifestyle aesthetic, high fashion, street style, Zara-like photography, no text, no logos, no watermarks, --ar 4:5 --style raw --s 75 --q 1","public/images/products/men-formal-shirt-79/3.jpg"
"men-formal-shirt-79","4","DETAIL MACRO","macro photography, extreme close-up detail shot of formal shirt in black color, fabric texture detail, material weave, Premium Materials, professional product detail photography, neutral bone ivory background, studio lighting, sharp focus, luxury fashion detail, textile close-up, Zara-like detail photography, no text, no logos, no watermarks, --ar 4:5 --style raw --s 75 --q 1","public/images/products/men-formal-shirt-79/4.jpg"
"men-gray-t-shirt-80","1","MODEL HERO","realistic fashion e-commerce photography, men's gray t-shirt in black color, professional fashion model wearing the garment, neutral bone ivory background, professional studio lighting, Zara-like product photography, clean composition, high fashion aesthetic, editorial style, no text, no logos, no watermarks, --ar 4:5 --style raw --s 75 --q 1","public/images/products/men-gray-t-shirt-80/1.jpg"
"men-gray-t-shirt-80","2","PACKSHOT NO MODEL","professional product photography, gray t-shirt in black color, ghost mannequin style, invisible mannequin technique, floating garment effect, neutral bone ivory background, professional e-commerce product shot, no model, no person, no human, flat lay style, studio lighting, Zara-like product photography, high fashion product photography, no text, no logos, no watermarks, --ar 4:5 --style raw --s 75 --q 1","public/images/products/men-gray-t-shirt-80/2.jpg"
"men-gray-t-shirt-80","3","MODEL LIFESTYLE","lifestyle fashion photography, men's gray t-shirt in black color, fashion model in natural urban setting, candid pose, authentic moment, soft natural lighting, neutral bone ivory background, editorial lifestyle aesthetic, high fashion, street style, Zara-like photography, no text, no logos, no watermarks, --ar 4:5 --style raw --s 75 --q 1","public/images/products/men-gray-t-shirt-80/3.jpg"
"men-gray-t-shirt-80","4","DETAIL MACRO","macro photography, extreme close-up detail shot of gray t-shirt in black color, fabric texture detail, material weave, Premium Materials, professional product detail photography, neutral bone ivory background, studio lighting, sharp focus, luxury fashion detail, textile close-up, Zara-like detail photography, no text, no logos, no watermarks, --ar 4:5 --style raw --s 75 --q 1","public/images/products/men-gray-t-shirt-80/4.jpg"
"men-chino-pants-81","1","MODEL HERO","realistic fashion e-commerce photography, men's chino pants in black color, professional fashion model wearing the garment, neutral bone ivory background, professional studio lighting, Zara-like product photography, clean composition, high fashion aesthetic, editorial style, no text, no logos, no watermarks, --ar 4:5 --style raw --s 75 --q 1","public/images/products/men-chino-pants-81/1.jpg"
"men-chino-pants-81","2","PACKSHOT NO MODEL","professional product photography, chino pants in black color, ghost mannequin style, invisible mannequin technique, floating garment effect, neutral bone ivory background, professional e-commerce product shot, no model, no person, no human, flat lay style, studio lighting, Zara-like product photography, high fashion product photography, no text, no logos, no watermarks, --ar 4:5 --style raw --s 75 --q 1","public/images/products/men-chino-pants-81/2.jpg"
"men-chino-pants-81","3","MODEL LIFESTYLE","lifestyle fashion photography, men's chino pants in black color, fashion model in natural urban setting, candid pose, authentic moment, soft natural lighting, neutral bone ivory background, editorial lifestyle aesthetic, high fashion, street style, Zara-like photography, no text, no logos, no watermarks, --ar 4:5 --style raw --s 75 --q 1","public/images/products/men-chino-pants-81/3.jpg"
"men-chino-pants-81","4","DETAIL MACRO","macro photography, extreme close-up detail shot of chino pants in black color, fabric texture detail, material weave, Premium Materials, professional product detail photography, neutral bone ivory background, studio lighting, sharp focus, luxury fashion detail, textile close-up, Zara-like detail photography, no text, no logos, no watermarks, --ar 4:5 --style raw --s 75 --q 1","public/images/products/men-chino-pants-81/4.jpg"
"men-solid-sweater-82","1","MODEL HERO","realistic fashion e-commerce photography, men's solid sweater in black color, professional fashion model wearing the garment, neutral bone ivory background, professional studio lighting, Zara-like product photography, clean composition, high fashion aesthetic, editorial style, no text, no logos, no watermarks, --ar 4:5 --style raw --s 75 --q 1","public/images/products/men-solid-sweater-82/1.jpg"
"men-solid-sweater-82","2","PACKSHOT NO MODEL","professional product photography, solid sweater in black color, ghost mannequin style, invisible mannequin technique, floating garment effect, neutral bone ivory background, professional e-commerce product shot, no model, no person, no human, flat lay style, studio lighting, Zara-like product photography, high fashion product photography, no text, no logos, no watermarks, --ar 4:5 --style raw --s 75 --q 1","public/images/products/men-solid-sweater-82/2.jpg"
"men-solid-sweater-82","3","MODEL LIFESTYLE","lifestyle fashion photography, men's solid sweater in black color, fashion model in natural urban setting, candid pose, authentic moment, soft natural lighting, neutral bone ivory background, editorial lifestyle aesthetic, high fashion, street style, Zara-like photography, no text, no logos, no watermarks, --ar 4:5 --style raw --s 75 --q 1","public/images/products/men-solid-sweater-82/3.jpg"
"men-solid-sweater-82","4","DETAIL MACRO","macro photography, extreme close-up detail shot of solid sweater in black color, fabric texture detail, material weave, Premium Materials, professional product detail photography, neutral bone ivory background, studio lighting, sharp focus, luxury fashion detail, textile close-up, Zara-like detail photography, no text, no logos, no watermarks, --ar 4:5 --style raw --s 75 --q 1","public/images/products/men-solid-sweater-82/4.jpg"
"men-derby-shoes-83","1","MODEL HERO","realistic fashion e-commerce photography, men's derby shoes in black color, professional fashion model wearing the garment, neutral bone ivory background, professional studio lighting, Zara-like product photography, clean composition, high fashion aesthetic, editorial style, no text, no logos, no watermarks, --ar 4:5 --style raw --s 75 --q 1","public/images/products/men-derby-shoes-83/1.jpg"
"men-derby-shoes-83","2","PACKSHOT NO MODEL","professional product photography, derby shoes in black color, ghost mannequin style, invisible mannequin technique, floating garment effect, neutral bone ivory background, professional e-commerce product shot, no model, no person, no human, flat lay style, studio lighting, Zara-like product photography, high fashion product photography, no text, no logos, no watermarks, --ar 4:5 --style raw --s 75 --q 1","public/images/products/men-derby-shoes-83/2.jpg"
"men-derby-shoes-83","3","MODEL LIFESTYLE","lifestyle fashion photography, men's derby shoes in black color, fashion model in natural urban setting, candid pose, authentic moment, soft natural lighting, neutral bone ivory background, editorial lifestyle aesthetic, high fashion, street style, Zara-like photography, no text, no logos, no watermarks, --ar 4:5 --style raw --s 75 --q 1","public/images/products/men-derby-shoes-83/3.jpg"
"men-derby-shoes-83","4","DETAIL MACRO","macro photography, extreme close-up detail shot of derby shoes in black color, fabric texture detail, material weave, Premium Materials, professional product detail photography, neutral bone ivory background, studio lighting, sharp focus, luxury fashion detail, textile close-up, Zara-like detail photography, no text, no logos, no watermarks, --ar 4:5 --style raw --s 75 --q 1","public/images/products/men-derby-shoes-83/4.jpg"
"men-flannel-shirt-84","1","MODEL HERO","realistic fashion e-commerce photography, men's flannel shirt in black color, professional fashion model wearing the garment, neutral bone ivory background, professional studio lighting, Zara-like product photography, clean composition, high fashion aesthetic, editorial style, no text, no logos, no watermarks, --ar 4:5 --style raw --s 75 --q 1","public/images/products/men-flannel-shirt-84/1.jpg"
"men-flannel-shirt-84","2","PACKSHOT NO MODEL","professional product photography, flannel shirt in black color, ghost mannequin style, invisible mannequin technique, floating garment effect, neutral bone ivory background, professional e-commerce product shot, no model, no person, no human, flat lay style, studio lighting, Zara-like product photography, high fashion product photography, no text, no logos, no watermarks, --ar 4:5 --style raw --s 75 --q 1","public/images/products/men-flannel-shirt-84/2.jpg"
"men-flannel-shirt-84","3","MODEL LIFESTYLE","lifestyle fashion photography, men's flannel shirt in black color, fashion model in natural urban setting, candid pose, authentic moment, soft natural lighting, neutral bone ivory background, editorial lifestyle aesthetic, high fashion, street style, Zara-like photography, no text, no logos, no watermarks, --ar 4:5 --style raw --s 75 --q 1","public/images/products/men-flannel-shirt-84/3.jpg"
"men-flannel-shirt-84","4","DETAIL MACRO","macro photography, extreme close-up detail shot of flannel shirt in black color, fabric texture detail, material weave, Premium Materials, professional product detail photography, neutral bone ivory background, studio lighting, sharp focus, luxury fashion detail, textile close-up, Zara-like detail photography, no text, no logos, no watermarks, --ar 4:5 --style raw --s 75 --q 1","public/images/products/men-flannel-shirt-84/4.jpg"
"men-mules-85","1","MODEL HERO","realistic fashion e-commerce photography, men's mules in black color, professional fashion model wearing the garment, neutral bone ivory background, professional studio lighting, Zara-like product photography, clean composition, high fashion aesthetic, editorial style, no text, no logos, no watermarks, --ar 4:5 --style raw --s 75 --q 1","public/images/products/men-mules-85/1.jpg"
"men-mules-85","2","PACKSHOT NO MODEL","professional product photography, mules in black color, ghost mannequin style, invisible mannequin technique, floating garment effect, neutral bone ivory background, professional e-commerce product shot, no model, no person, no human, flat lay style, studio lighting, Zara-like product photography, high fashion product photography, no text, no logos, no watermarks, --ar 4:5 --style raw --s 75 --q 1","public/images/products/men-mules-85/2.jpg"
"men-mules-85","3","MODEL LIFESTYLE","lifestyle fashion photography, men's mules in black color, fashion model in natural urban setting, candid pose, authentic moment, soft natural lighting, neutral bone ivory background, editorial lifestyle aesthetic, high fashion, street style, Zara-like photography, no text, no logos, no watermarks, --ar 4:5 --style raw --s 75 --q 1","public/images/products/men-mules-85/3.jpg"
"men-mules-85","4","DETAIL MACRO","macro photography, extreme close-up detail shot of mules in black color, fabric texture detail, material weave, Premium Materials, professional product detail photography, neutral bone ivory background, studio lighting, sharp focus, luxury fashion detail, textile close-up, Zara-like detail photography, no text, no logos, no watermarks, --ar 4:5 --style raw --s 75 --q 1","public/images/products/men-mules-85/4.jpg"
"men-two-piece-suit-86","1","MODEL HERO","realistic fashion e-commerce photography, men's two-piece suit in black color, professional fashion model wearing the garment, neutral bone ivory background, professional studio lighting, Zara-like product photography, clean composition, high fashion aesthetic, editorial style, no text, no logos, no watermarks, --ar 4:5 --style raw --s 75 --q 1","public/images/products/men-two-piece-suit-86/1.jpg"
"men-two-piece-suit-86","2","PACKSHOT NO MODEL","professional product photography, two-piece suit in black color, ghost mannequin style, invisible mannequin technique, floating garment effect, neutral bone ivory background, professional e-commerce product shot, no model, no person, no human, flat lay style, studio lighting, Zara-like product photography, high fashion product photography, no text, no logos, no watermarks, --ar 4:5 --style raw --s 75 --q 1","public/images/products/men-two-piece-suit-86/2.jpg"
"men-two-piece-suit-86","3","MODEL LIFESTYLE","lifestyle fashion photography, men's two-piece suit in black color, fashion model in natural urban setting, candid pose, authentic moment, soft natural lighting, neutral bone ivory background, editorial lifestyle aesthetic, high fashion, street style, Zara-like photography, no text, no logos, no watermarks, --ar 4:5 --style raw --s 75 --q 1","public/images/products/men-two-piece-suit-86/3.jpg"
"men-two-piece-suit-86","4","DETAIL MACRO","macro photography, extreme close-up detail shot of two-piece suit in black color, fabric texture detail, material weave, Premium Materials, professional product detail photography, neutral bone ivory background, studio lighting, sharp focus, luxury fashion detail, textile close-up, Zara-like detail photography, no text, no logos, no watermarks, --ar 4:5 --style raw --s 75 --q 1","public/images/products/men-two-piece-suit-86/4.jpg"
"men-modern-suit-87","1","MODEL HERO","realistic fashion e-commerce photography, men's modern suit in black color, professional fashion model wearing the garment, neutral bone ivory background, professional studio lighting, Zara-like product photography, clean composition, high fashion aesthetic, editorial style, no text, no logos, no watermarks, --ar 4:5 --style raw --s 75 --q 1","public/images/products/men-modern-suit-87/1.jpg"
"men-modern-suit-87","2","PACKSHOT NO MODEL","professional product photography, modern suit in black color, ghost mannequin style, invisible mannequin technique, floating garment effect, neutral bone ivory background, professional e-commerce product shot, no model, no person, no human, flat lay style, studio lighting, Zara-like product photography, high fashion product photography, no text, no logos, no watermarks, --ar 4:5 --style raw --s 75 --q 1","public/images/products/men-modern-suit-87/2.jpg"
"men-modern-suit-87","3","MODEL LIFESTYLE","lifestyle fashion photography, men's modern suit in black color, fashion model in natural urban setting, candid pose, authentic moment, soft natural lighting, neutral bone ivory background, editorial lifestyle aesthetic, high fashion, street style, Zara-like photography, no text, no logos, no watermarks, --ar 4:5 --style raw --s 75 --q 1","public/images/products/men-modern-suit-87/3.jpg"
"men-modern-suit-87","4","DETAIL MACRO","macro photography, extreme close-up detail shot of modern suit in black color, fabric texture detail, material weave, Premium Materials, professional product detail photography, neutral bone ivory background, studio lighting, sharp focus, luxury fashion detail, textile close-up, Zara-like detail photography, no text, no logos, no watermarks, --ar 4:5 --style raw --s 75 --q 1","public/images/products/men-modern-suit-87/4.jpg"
"men-smart-pants-88","1","MODEL HERO","realistic fashion e-commerce photography, men's smart pants in black color, professional fashion model wearing the garment, neutral bone ivory background, professional studio lighting, Zara-like product photography, clean composition, high fashion aesthetic, editorial style, no text, no logos, no watermarks, --ar 4:5 --style raw --s 75 --q 1","public/images/products/men-smart-pants-88/1.jpg"
"men-smart-pants-88","2","PACKSHOT NO MODEL","professional product photography, smart pants in black color, ghost mannequin style, invisible mannequin technique, floating garment effect, neutral bone ivory background, professional e-commerce product shot, no model, no person, no human, flat lay style, studio lighting, Zara-like product photography, high fashion product photography, no text, no logos, no watermarks, --ar 4:5 --style raw --s 75 --q 1","public/images/products/men-smart-pants-88/2.jpg"
"men-smart-pants-88","3","MODEL LIFESTYLE","lifestyle fashion photography, men's smart pants in black color, fashion model in natural urban setting, candid pose, authentic moment, soft natural lighting, neutral bone ivory background, editorial lifestyle aesthetic, high fashion, street style, Zara-like photography, no text, no logos, no watermarks, --ar 4:5 --style raw --s 75 --q 1","public/images/products/men-smart-pants-88/3.jpg"
"men-smart-pants-88","4","DETAIL MACRO","macro photography, extreme close-up detail shot of smart pants in black color, fabric texture detail, material weave, Premium Materials, professional product detail photography, neutral bone ivory background, studio lighting, sharp focus, luxury fashion detail, textile close-up, Zara-like detail photography, no text, no logos, no watermarks, --ar 4:5 --style raw --s 75 --q 1","public/images/products/men-smart-pants-88/4.jpg"
"kids-closed-toe-shoes-89","1","MODEL HERO","realistic fashion e-commerce photography, kids' closed-toe shoes in black color, professional fashion model wearing the garment, neutral bone ivory background, professional studio lighting, Zara-like product photography, clean composition, high fashion aesthetic, editorial style, no text, no logos, no watermarks, --ar 4:5 --style raw --s 75 --q 1","public/images/products/kids-closed-toe-shoes-89/1.jpg"
"kids-closed-toe-shoes-89","2","PACKSHOT NO MODEL","professional product photography, closed-toe shoes in black color, ghost mannequin style, invisible mannequin technique, floating garment effect, neutral bone ivory background, professional e-commerce product shot, no model, no person, no human, flat lay style, studio lighting, Zara-like product photography, high fashion product photography, no text, no logos, no watermarks, --ar 4:5 --style raw --s 75 --q 1","public/images/products/kids-closed-toe-shoes-89/2.jpg"
"kids-closed-toe-shoes-89","3","MODEL LIFESTYLE","lifestyle fashion photography, kids' closed-toe shoes in black color, fashion model in natural urban setting, candid pose, authentic moment, soft natural lighting, neutral bone ivory background, editorial lifestyle aesthetic, high fashion, street style, Zara-like photography, no text, no logos, no watermarks, --ar 4:5 --style raw --s 75 --q 1","public/images/products/kids-closed-toe-shoes-89/3.jpg"
"kids-closed-toe-shoes-89","4","DETAIL MACRO","macro photography, extreme close-up detail shot of closed-toe shoes in black color, fabric texture detail, material weave, Premium Materials, professional product detail photography, neutral bone ivory background, studio lighting, sharp focus, luxury fashion detail, textile close-up, Zara-like detail photography, no text, no logos, no watermarks, --ar 4:5 --style raw --s 75 --q 1","public/images/products/kids-closed-toe-shoes-89/4.jpg"
"kids-cotton-shirt-90","1","MODEL HERO","realistic fashion e-commerce photography, kids' cotton shirt in black color, professional fashion model wearing the garment, neutral bone ivory background, professional studio lighting, Zara-like product photography, clean composition, high fashion aesthetic, editorial style, no text, no logos, no watermarks, --ar 4:5 --style raw --s 75 --q 1","public/images/products/kids-cotton-shirt-90/1.jpg"
"kids-cotton-shirt-90","2","PACKSHOT NO MODEL","professional product photography, cotton shirt in black color, ghost mannequin style, invisible mannequin technique, floating garment effect, neutral bone ivory background, professional e-commerce product shot, no model, no person, no human, flat lay style, studio lighting, Zara-like product photography, high fashion product photography, no text, no logos, no watermarks, --ar 4:5 --style raw --s 75 --q 1","public/images/products/kids-cotton-shirt-90/2.jpg"
"kids-cotton-shirt-90","3","MODEL LIFESTYLE","lifestyle fashion photography, kids' cotton shirt in black color, fashion model in natural urban setting, candid pose, authentic moment, soft natural lighting, neutral bone ivory background, editorial lifestyle aesthetic, high fashion, street style, Zara-like photography, no text, no logos, no watermarks, --ar 4:5 --style raw --s 75 --q 1","public/images/products/kids-cotton-shirt-90/3.jpg"
"kids-cotton-shirt-90","4","DETAIL MACRO","macro photography, extreme close-up detail shot of cotton shirt in black color, fabric texture detail, material weave, Premium Materials, professional product detail photography, neutral bone ivory background, studio lighting, sharp focus, luxury fashion detail, textile close-up, Zara-like detail photography, no text, no logos, no watermarks, --ar 4:5 --style raw --s 75 --q 1","public/images/products/kids-cotton-shirt-90/4.jpg"
"kids-casual-shirt-91","1","MODEL HERO","realistic fashion e-commerce photography, kids' casual shirt in black color, professional fashion model wearing the garment, neutral bone ivory background, professional studio lighting, Zara-like product photography, clean composition, high fashion aesthetic, editorial style, no text, no logos, no watermarks, --ar 4:5 --style raw --s 75 --q 1","public/images/products/kids-casual-shirt-91/1.jpg"
"kids-casual-shirt-91","2","PACKSHOT NO MODEL","professional product photography, casual shirt in black color, ghost mannequin style, invisible mannequin technique, floating garment effect, neutral bone ivory background, professional e-commerce product shot, no model, no person, no human, flat lay style, studio lighting, Zara-like product photography, high fashion product photography, no text, no logos, no watermarks, --ar 4:5 --style raw --s 75 --q 1","public/images/products/kids-casual-shirt-91/2.jpg"
"kids-casual-shirt-91","3","MODEL LIFESTYLE","lifestyle fashion photography, kids' casual shirt in black color, fashion model in natural urban setting, candid pose, authentic moment, soft natural lighting, neutral bone ivory background, editorial lifestyle aesthetic, high fashion, street style, Zara-like photography, no text, no logos, no watermarks, --ar 4:5 --style raw --s 75 --q 1","public/images/products/kids-casual-shirt-91/3.jpg"
"kids-casual-shirt-91","4","DETAIL MACRO","macro photography, extreme close-up detail shot of casual shirt in black color, fabric texture detail, material weave, Premium Materials, professional product detail photography, neutral bone ivory background, studio lighting, sharp focus, luxury fashion detail, textile close-up, Zara-like detail photography, no text, no logos, no watermarks, --ar 4:5 --style raw --s 75 --q 1","public/images/products/kids-casual-shirt-91/4.jpg"
"kids-party-shirt-92","1","MODEL HERO","realistic fashion e-commerce photography, kids' party shirt in black color, professional fashion model wearing the garment, neutral bone ivory background, professional studio lighting, Zara-like product photography, clean composition, high fashion aesthetic, editorial style, no text, no logos, no watermarks, --ar 4:5 --style raw --s 75 --q 1","public/images/products/kids-party-shirt-92/1.jpg"
"kids-party-shirt-92","2","PACKSHOT NO MODEL","professional product photography, party shirt in black color, ghost mannequin style, invisible mannequin technique, floating garment effect, neutral bone ivory background, professional e-commerce product shot, no model, no person, no human, flat lay style, studio lighting, Zara-like product photography, high fashion product photography, no text, no logos, no watermarks, --ar 4:5 --style raw --s 75 --q 1","public/images/products/kids-party-shirt-92/2.jpg"
"kids-party-shirt-92","3","MODEL LIFESTYLE","lifestyle fashion photography, kids' party shirt in black color, fashion model in natural urban setting, candid pose, authentic moment, soft natural lighting, neutral bone ivory background, editorial lifestyle aesthetic, high fashion, street style, Zara-like photography, no text, no logos, no watermarks, --ar 4:5 --style raw --s 75 --q 1","public/images/products/kids-party-shirt-92/3.jpg"
"kids-party-shirt-92","4","DETAIL MACRO","macro photography, extreme close-up detail shot of party shirt in black color, fabric texture detail, material weave, Premium Materials, professional product detail photography, neutral bone ivory background, studio lighting, sharp focus, luxury fashion detail, textile close-up, Zara-like detail photography, no text, no logos, no watermarks, --ar 4:5 --style raw --s 75 --q 1","public/images/products/kids-party-shirt-92/4.jpg"
"kids-wallet-93","1","MODEL HERO","realistic fashion e-commerce photography, kids' wallet in black color, professional fashion model wearing the garment, neutral bone ivory background, professional studio lighting, Zara-like product photography, clean composition, high fashion aesthetic, editorial style, no text, no logos, no watermarks, --ar 4:5 --style raw --s 75 --q 1","public/images/products/kids-wallet-93/1.jpg"
"kids-wallet-93","2","PACKSHOT NO MODEL","professional product photography, wallet in black color, ghost mannequin style, invisible mannequin technique, floating garment effect, neutral bone ivory background, professional e-commerce product shot, no model, no person, no human, flat lay style, studio lighting, Zara-like product photography, high fashion product photography, no text, no logos, no watermarks, --ar 4:5 --style raw --s 75 --q 1","public/images/products/kids-wallet-93/2.jpg"
"kids-wallet-93","3","MODEL LIFESTYLE","lifestyle fashion photography, kids' wallet in black color, fashion model in natural urban setting, candid pose, authentic moment, soft natural lighting, neutral bone ivory background, editorial lifestyle aesthetic, high fashion, street style, Zara-like photography, no text, no logos, no watermarks, --ar 4:5 --style raw --s 75 --q 1","public/images/products/kids-wallet-93/3.jpg"
"kids-wallet-93","4","DETAIL MACRO","macro photography, extreme close-up detail shot of wallet in black color, fabric texture detail, material weave, Premium Materials, professional product detail photography, neutral bone ivory background, studio lighting, sharp focus, luxury fashion detail, textile close-up, Zara-like detail photography, no text, no logos, no watermarks, --ar 4:5 --style raw --s 75 --q 1","public/images/products/kids-wallet-93/4.jpg"
"kids-low-top-shoes-94","1","MODEL HERO","realistic fashion e-commerce photography, kids' low-top shoes in black color, professional fashion model wearing the garment, neutral bone ivory background, professional studio lighting, Zara-like product photography, clean composition, high fashion aesthetic, editorial style, no text, no logos, no watermarks, --ar 4:5 --style raw --s 75 --q 1","public/images/products/kids-low-top-shoes-94/1.jpg"
"kids-low-top-shoes-94","2","PACKSHOT NO MODEL","professional product photography, low-top shoes in black color, ghost mannequin style, invisible mannequin technique, floating garment effect, neutral bone ivory background, professional e-commerce product shot, no model, no person, no human, flat lay style, studio lighting, Zara-like product photography, high fashion product photography, no text, no logos, no watermarks, --ar 4:5 --style raw --s 75 --q 1","public/images/products/kids-low-top-shoes-94/2.jpg"
"kids-low-top-shoes-94","3","MODEL LIFESTYLE","lifestyle fashion photography, kids' low-top shoes in black color, fashion model in natural urban setting, candid pose, authentic moment, soft natural lighting, neutral bone ivory background, editorial lifestyle aesthetic, high fashion, street style, Zara-like photography, no text, no logos, no watermarks, --ar 4:5 --style raw --s 75 --q 1","public/images/products/kids-low-top-shoes-94/3.jpg"
"kids-low-top-shoes-94","4","DETAIL MACRO","macro photography, extreme close-up detail shot of low-top shoes in black color, fabric texture detail, material weave, Premium Materials, professional product detail photography, neutral bone ivory background, studio lighting, sharp focus, luxury fashion detail, textile close-up, Zara-like detail photography, no text, no logos, no watermarks, --ar 4:5 --style raw --s 75 --q 1","public/images/products/kids-low-top-shoes-94/4.jpg"
"kids-relaxed-shirt-95","1","MODEL HERO","realistic fashion e-commerce photography, kids' relaxed shirt in black color, professional fashion model wearing the garment, neutral bone ivory background, professional studio lighting, Zara-like product photography, clean composition, high fashion aesthetic, editorial style, no text, no logos, no watermarks, --ar 4:5 --style raw --s 75 --q 1","public/images/products/kids-relaxed-shirt-95/1.jpg"
"kids-relaxed-shirt-95","2","PACKSHOT NO MODEL","professional product photography, relaxed shirt in black color, ghost mannequin style, invisible mannequin technique, floating garment effect, neutral bone ivory background, professional e-commerce product shot, no model, no person, no human, flat lay style, studio lighting, Zara-like product photography, high fashion product photography, no text, no logos, no watermarks, --ar 4:5 --style raw --s 75 --q 1","public/images/products/kids-relaxed-shirt-95/2.jpg"
"kids-relaxed-shirt-95","3","MODEL LIFESTYLE","lifestyle fashion photography, kids' relaxed shirt in black color, fashion model in natural urban setting, candid pose, authentic moment, soft natural lighting, neutral bone ivory background, editorial lifestyle aesthetic, high fashion, street style, Zara-like photography, no text, no logos, no watermarks, --ar 4:5 --style raw --s 75 --q 1","public/images/products/kids-relaxed-shirt-95/3.jpg"
"kids-relaxed-shirt-95","4","DETAIL MACRO","macro photography, extreme close-up detail shot of relaxed shirt in black color, fabric texture detail, material weave, Premium Materials, professional product detail photography, neutral bone ivory background, studio lighting, sharp focus, luxury fashion detail, textile close-up, Zara-like detail photography, no text, no logos, no watermarks, --ar 4:5 --style raw --s 75 --q 1","public/images/products/kids-relaxed-shirt-95/4.jpg"
"kids-tulle-dress-96","1","MODEL HERO","realistic fashion e-commerce photography, kids' tulle dress in black color, professional fashion model wearing the garment, neutral bone ivory background, professional studio lighting, Zara-like product photography, clean composition, high fashion aesthetic, editorial style, no text, no logos, no watermarks, --ar 4:5 --style raw --s 75 --q 1","public/images/products/kids-tulle-dress-96/1.jpg"
"kids-tulle-dress-96","2","PACKSHOT NO MODEL","professional product photography, tulle dress in black color, ghost mannequin style, invisible mannequin technique, floating garment effect, neutral bone ivory background, professional e-commerce product shot, no model, no person, no human, flat lay style, studio lighting, Zara-like product photography, high fashion product photography, no text, no logos, no watermarks, --ar 4:5 --style raw --s 75 --q 1","public/images/products/kids-tulle-dress-96/2.jpg"
"kids-tulle-dress-96","3","MODEL LIFESTYLE","lifestyle fashion photography, kids' tulle dress in black color, fashion model in natural urban setting, candid pose, authentic moment, soft natural lighting, neutral bone ivory background, editorial lifestyle aesthetic, high fashion, street style, Zara-like photography, no text, no logos, no watermarks, --ar 4:5 --style raw --s 75 --q 1","public/images/products/kids-tulle-dress-96/3.jpg"
"kids-tulle-dress-96","4","DETAIL MACRO","macro photography, extreme close-up detail shot of tulle dress in black color, fabric texture detail, material weave, Premium Materials, professional product detail photography, neutral bone ivory background, studio lighting, sharp focus, luxury fashion detail, textile close-up, Zara-like detail photography, no text, no logos, no watermarks, --ar 4:5 --style raw --s 75 --q 1","public/images/products/kids-tulle-dress-96/4.jpg"
"kids-shoulder-bag-97","1","MODEL HERO","realistic fashion e-commerce photography, kids' shoulder bag in black color, professional fashion model wearing the garment, neutral bone ivory background, professional studio lighting, Zara-like product photography, clean composition, high fashion aesthetic, editorial style, no text, no logos, no watermarks, --ar 4:5 --style raw --s 75 --q 1","public/images/products/kids-shoulder-bag-97/1.jpg"
"kids-shoulder-bag-97","2","PACKSHOT NO MODEL","professional product photography, shoulder bag in black color, ghost mannequin style, invisible mannequin technique, floating garment effect, neutral bone ivory background, professional e-commerce product shot, no model, no person, no human, flat lay style, studio lighting, Zara-like product photography, high fashion product photography, no text, no logos, no watermarks, --ar 4:5 --style raw --s 75 --q 1","public/images/products/kids-shoulder-bag-97/2.jpg"
"kids-shoulder-bag-97","3","MODEL LIFESTYLE","lifestyle fashion photography, kids' shoulder bag in black color, fashion model in natural urban setting, candid pose, authentic moment, soft natural lighting, neutral bone ivory background, editorial lifestyle aesthetic, high fashion, street style, Zara-like photography, no text, no logos, no watermarks, --ar 4:5 --style raw --s 75 --q 1","public/images/products/kids-shoulder-bag-97/3.jpg"
"kids-shoulder-bag-97","4","DETAIL MACRO","macro photography, extreme close-up detail shot of shoulder bag in black color, fabric texture detail, material weave, Premium Materials, professional product detail photography, neutral bone ivory background, studio lighting, sharp focus, luxury fashion detail, textile close-up, Zara-like detail photography, no text, no logos, no watermarks, --ar 4:5 --style raw --s 75 --q 1","public/images/products/kids-shoulder-bag-97/4.jpg"
"kids-flat-shoes-98","1","MODEL HERO","realistic fashion e-commerce photography, kids' flat shoes in black color, professional fashion model wearing the garment, neutral bone ivory background, professional studio lighting, Zara-like product photography, clean composition, high fashion aesthetic, editorial style, no text, no logos, no watermarks, --ar 4:5 --style raw --s 75 --q 1","public/images/products/kids-flat-shoes-98/1.jpg"
"kids-flat-shoes-98","2","PACKSHOT NO MODEL","professional product photography, flat shoes in black color, ghost mannequin style, invisible mannequin technique, floating garment effect, neutral bone ivory background, professional e-commerce product shot, no model, no person, no human, flat lay style, studio lighting, Zara-like product photography, high fashion product photography, no text, no logos, no watermarks, --ar 4:5 --style raw --s 75 --q 1","public/images/products/kids-flat-shoes-98/2.jpg"
"kids-flat-shoes-98","3","MODEL LIFESTYLE","lifestyle fashion photography, kids' flat shoes in black color, fashion model in natural urban setting, candid pose, authentic moment, soft natural lighting, neutral bone ivory background, editorial lifestyle aesthetic, high fashion, street style, Zara-like photography, no text, no logos, no watermarks, --ar 4:5 --style raw --s 75 --q 1","public/images/products/kids-flat-shoes-98/3.jpg"
"kids-flat-shoes-98","4","DETAIL MACRO","macro photography, extreme close-up detail shot of flat shoes in black color, fabric texture detail, material weave, Premium Materials, professional product detail photography, neutral bone ivory background, studio lighting, sharp focus, luxury fashion detail, textile close-up, Zara-like detail photography, no text, no logos, no watermarks, --ar 4:5 --style raw --s 75 --q 1","public/images/products/kids-flat-shoes-98/4.jpg"
"kids-athletic-clothes-99","1","MODEL HERO","realistic fashion e-commerce photography, kids' athletic clothes in black color, professional fashion model wearing the garment, neutral bone ivory background, professional studio lighting, Zara-like product photography, clean composition, high fashion aesthetic, editorial style, no text, no logos, no watermarks, --ar 4:5 --style raw --s 75 --q 1","public/images/products/kids-athletic-clothes-99/1.jpg"
"kids-athletic-clothes-99","2","PACKSHOT NO MODEL","professional product photography, athletic clothes in black color, ghost mannequin style, invisible mannequin technique, floating garment effect, neutral bone ivory background, professional e-commerce product shot, no model, no person, no human, flat lay style, studio lighting, Zara-like product photography, high fashion product photography, no text, no logos, no watermarks, --ar 4:5 --style raw --s 75 --q 1","public/images/products/kids-athletic-clothes-99/2.jpg"
"kids-athletic-clothes-99","3","MODEL LIFESTYLE","lifestyle fashion photography, kids' athletic clothes in black color, fashion model in natural urban setting, candid pose, authentic moment, soft natural lighting, neutral bone ivory background, editorial lifestyle aesthetic, high fashion, street style, Zara-like photography, no text, no logos, no watermarks, --ar 4:5 --style raw --s 75 --q 1","public/images/products/kids-athletic-clothes-99/3.jpg"
"kids-athletic-clothes-99","4","DETAIL MACRO","macro photography, extreme close-up detail shot of athletic clothes in black color, fabric texture detail, material weave, Premium Materials, professional product detail photography, neutral bone ivory background, studio lighting, sharp focus, luxury fashion detail, textile close-up, Zara-like detail photography, no text, no logos, no watermarks, --ar 4:5 --style raw --s 75 --q 1","public/images/products/kids-athletic-clothes-99/4.jpg"
"kids-high-waisted-pants-100","1","MODEL HERO","realistic fashion e-commerce photography, kids' high-waisted pants in black color, professional fashion model wearing the garment, neutral bone ivory background, professional studio lighting, Zara-like product photography, clean composition, high fashion aesthetic, editorial style, no text, no logos, no watermarks, --ar 4:5 --style raw --s 75 --q 1","public/images/products/kids-high-waisted-pants-100/1.jpg"
"kids-high-waisted-pants-100","2","PACKSHOT NO MODEL","professional product photography, high-waisted pants in black color, ghost mannequin style, invisible mannequin technique, floating garment effect, neutral bone ivory background, professional e-commerce product shot, no model, no person, no human, flat lay style, studio lighting, Zara-like product photography, high fashion product photography, no text, no logos, no watermarks, --ar 4:5 --style raw --s 75 --q 1","public/images/products/kids-high-waisted-pants-100/2.jpg"
"kids-high-waisted-pants-100","3","MODEL LIFESTYLE","lifestyle fashion photography, kids' high-waisted pants in black color, fashion model in natural urban setting, candid pose, authentic moment, soft natural lighting, neutral bone ivory background, editorial lifestyle aesthetic, high fashion, street style, Zara-like photography, no text, no logos, no watermarks, --ar 4:5 --style raw --s 75 --q 1","public/images/products/kids-high-waisted-pants-100/3.jpg"
"kids-high-waisted-pants-100","4","DETAIL MACRO","macro photography, extreme close-up detail shot of high-waisted pants in black color, fabric texture detail, material weave, Premium Materials, professional product detail photography, neutral bone ivory background, studio lighting, sharp focus, luxury fashion detail, textile close-up, Zara-like detail photography, no text, no logos, no watermarks, --ar 4:5 --style raw --s 75 --q 1","public/images/products/kids-high-waisted-pants-100/4.jpg"